id,group,leg,n_strides,CCI_VL_BF,CCI_VL_BF_stance,CCI_VL_BF_swing,n_strides_VL_BF,CCI_VL_ST,CCI_VL_ST_stance,CCI_VL_ST_swing,n_strides_VL_ST,CCI_TA_GAS,CCI_TA_GAS_stance,CCI_TA_GAS_swing,n_strides_TA_GAS,pct_active_VL,pct_active_BF,pct_active_ST,pct_active_TA,pct_active_GAS,stance_pct
TVC03,stroke,paretic,9,59.781,63.434,41.721,9,61.987,62.697,55.631,9,52.146,50.02,59.479,9,42.768,31.924,32.012,36.319,43.645,81.511
TVC03,stroke,non-paretic,8,67.524,73.062,52.784,8,61.826,70.933,43.015,8,51.407,58.466,41.885,8,19.056,23.764,24.313,62.75,14.011,60.079
TVC04,stroke,paretic,9,66.54,66.571,66.914,9,73.111,73.356,73.289,9,46.069,42.262,53.507,9,33.955,24.387,40.271,39.527,30.347,64.176
TVC04,stroke,non-paretic,9,73.669,72.824,76.093,5,45.472,42.655,52.173,9,51.4,45.759,68.483,9,41.958,50.21,4.196,18.637,34.521,64.046
TVC05,stroke,paretic,15,71.446,72.536,61.359,13,72.74,73.549,64.979,13,47.195,49.182,35.689,15,46.469,61.159,51.136,15.478,19.66,89.707
TVC05,stroke,non-paretic,15,72.279,74.155,61.962,15,65.734,68.267,52.633,15,60.889,56.982,76.423,15,21.838,65.594,94.792,29.451,99.214,81.778
TVC06,stroke,paretic,6,66.343,74.4,37.393,6,58.318,69.353,35.345,6,50.006,49.084,51.961,6,27.806,55.944,22.428,45.771,49.817,67.829
TVC06,stroke,non-paretic,7,70.198,77.635,49.686,7,71.607,79.301,50.796,7,58.82,62.572,49.403,6,25.26,44.099,38.276,53.118,33.833,63.229
TVC08,stroke,paretic,12,60.95,62.304,46.261,8,61.181,63.219,40.247,8,28.553,26.355,46.204,12,19.006,31.635,48.077,7.434,24.217,88.682
TVC08,stroke,non-paretic,14,65.51,67.359,54.86,13,30.523,30.925,29.285,13,29.51,26.185,47.333,13,28.387,34.758,1.475,6.271,51.648,83.75
TVC09,stroke,paretic,7,57.235,53.364,66.493,7,64.944,66.692,60.004,7,37.814,40.59,32.127,7,53.532,22.906,54.46,39.575,32.339,61.076
TVC09,stroke,non-paretic,7,61.141,64.738,51.705,7,71.212,76.737,54.935,7,42.835,43.748,41.298,5,44.142,34.708,53.504,44.712,23.177,60.81
TVC10,stroke,paretic,9,64.549,70.696,49.531,9,60.9,61.824,58.373,9,55.622,51.126,72.333,9,35.376,57.798,64.003,23.654,32.601,67.603
TVC10,stroke,non-paretic,10,70.914,68.242,79.494,10,56.358,56.835,54.035,10,56.161,48.174,78.192,10,56.833,27.343,18.432,6.404,22.697,67.505
TVC11,stroke,paretic,6,,,,0,,,,0,,,,0,,,,,,73.77
TVC11,stroke,non-paretic,6,,,,0,,,,0,,,,0,,,,,,63.328
TVC12,stroke,paretic,6,65.486,65.619,65.237,6,62.213,65.051,56.158,6,28.799,31.875,22.503,6,34.682,23.327,44.356,41.359,24.592,66.348
TVC12,stroke,non-paretic,4,61.784,63.022,58.688,4,63.945,66.751,53.591,4,35.147,39.096,27.502,4,32.143,33.092,53.596,33.591,31.893,68.49
TVC13,stroke,paretic,9,54.436,55.416,49.55,9,51.681,51.725,50.613,9,47.247,48.69,42.62,9,49.772,26.562,21.645,59.263,15.618,77.001
TVC13,stroke,non-paretic,9,41.825,40.426,49.491,9,43.428,47.05,31.059,9,37.67,36.288,43.516,9,45.71,8.591,27.595,16.65,25.541,74.916
TVC14,stroke,paretic,10,54.065,49.597,70.377,10,48.529,44.958,59.511,10,38.06,40.48,26.145,10,7.193,32.557,45.834,14.865,21.758,80.827
TVC14,stroke,non-paretic,10,74.099,74.558,71.574,10,68.399,68.189,68.968,10,45.133,46.222,39.655,10,41.588,41.079,66.454,12.168,37.363,75.371
TVC15,stroke,paretic,3,64.874,73.66,55.092,3,61.923,66.168,56.711,3,23.95,34.934,14.73,3,39.061,28.372,39.827,52.814,2.531,62.761
TVC15,stroke,non-paretic,3,64.87,79.71,40.508,3,62.573,70.775,44.453,3,41.958,38.028,48.195,2,16.55,27.772,39.594,39.461,51.748,62.968
TVC16,stroke,paretic,9,72.889,72.343,75.197,5,77.945,76.631,83.092,5,42.044,43.624,38.615,5,59.54,52.108,65.015,25.974,25.554,67.106
TVC16,stroke,non-paretic,10,61.059,58.416,71.79,6,61.432,70.333,40.699,6,55.551,63.588,43.005,6,13.969,5.544,44.356,29.038,11.963,65.538
TVC17,stroke,paretic,7,67.083,68.171,64.881,7,58.259,57.497,60.059,7,16.843,13.371,18.834,4,43.399,36.021,47.296,58.342,2.847,64.844
TVC17,stroke,non-paretic,6,65.014,66.504,59.428,6,62.33,65.43,52.588,6,42.867,42.956,43.125,6,48.218,39.71,54.679,55.994,19.231,65.961
TVC19,stroke,paretic,10,46.772,44.121,62.024,10,31.983,28.826,46.446,10,28.206,31.716,19.697,10,43.047,21.399,9.66,30.589,25.634,68.598
TVC19,stroke,non-paretic,10,67.825,70.032,58.08,10,66.542,67.846,61.474,10,40.504,38.639,44.344,10,39.65,41.518,70.39,42.498,57.562,68.392
TVC20,stroke,paretic,3,74.523,74.534,74.52,2,67.632,72.239,60.403,3,36.128,29.314,51.033,3,26.374,31.818,55.112,17.449,19.847,60.715
TVC20,stroke,non-paretic,3,63.17,62.838,63.293,3,64.497,68.493,58.082,3,41.579,39.223,45.523,3,23.576,50.749,39.227,31.635,32.135,59.628
TVC21,stroke,paretic,6,82.437,82.288,82.861,4,80.606,78.935,84.593,2,68.439,69.009,67.227,4,62.837,58.342,64.635,43.232,33.866,64.244
TVC21,stroke,non-paretic,6,68.28,70.579,64.405,4,65.0,67.559,60.961,4,66.709,65.516,67.362,4,23.751,40.559,47.128,55.694,41.758,59.421
TVC22,stroke,paretic,10,64.303,62.67,73.173,10,69.884,71.173,62.947,10,50.005,47.439,59.151,10,56.513,22.977,63.317,34.346,27.363,78.24
TVC22,stroke,non-paretic,10,50.582,54.984,43.021,10,50.747,56.256,42.286,10,44.269,39.658,57.511,10,5.564,39.031,43.796,11.738,28.062,70.982
TVC23,stroke,paretic,10,68.822,73.739,43.425,10,63.762,68.458,42.074,10,59.251,62.417,51.552,10,27.612,38.352,33.786,40.27,24.515,69.608
TVC23,stroke,non-paretic,11,65.758,67.181,57.15,11,62.067,66.748,42.779,11,54.288,53.833,55.1,11,18.236,45.727,48.415,37.599,23.94,79.71
TVC24,stroke,paretic,8,68.968,69.991,58.664,8,69.082,69.72,61.335,8,38.286,42.159,22.577,8,54.058,53.959,40.147,30.482,10.927,83.554
TVC24,stroke,non-paretic,8,61.944,60.382,67.479,8,61.497,59.99,65.99,8,56.638,54.769,60.317,8,28.309,27.697,20.554,34.99,35.377,66.328
TVC25,stroke,paretic,9,66.945,69.855,56.382,9,62.72,63.39,60.364,9,48.494,48.595,48.995,9,46.687,54.779,48.296,43.734,16.35,75.386
TVC25,stroke,non-paretic,8,69.348,72.487,55.719,8,58.548,56.732,65.628,8,40.542,38.069,52.968,8,61.151,66.071,34.116,33.004,39.436,77.346
TVC26,stroke,paretic,9,61.859,63.432,57.949,9,53.95,51.995,60.98,9,50.769,50.533,51.892,5,41.681,24.453,13.431,42.247,22.717,72.57
TVC26,stroke,non-paretic,7,72.543,75.173,61.604,7,60.447,62.032,55.083,7,48.823,50.899,42.455,7,41.416,28.629,18.011,37.334,13.629,63.519
TVC27,stroke,paretic,6,40.622,37.984,55.222,6,64.345,69.831,46.251,6,32.626,36.55,26.677,6,29.953,12.937,31.851,37.979,16.384,66.126
TVC27,stroke,non-paretic,6,69.761,70.72,66.549,6,62.089,61.853,63.426,4,53.554,52.869,54.109,6,42.557,47.902,16.508,45.704,17.782,63.203
TVC28,stroke,paretic,6,69.573,68.47,76.909,6,59.951,59.717,61.416,4,33.175,33.779,30.276,6,80.952,51.798,47.852,23.81,18.864,81.64
TVC28,stroke,non-paretic,7,58.878,58.282,60.235,7,53.258,53.407,53.867,7,47.223,30.952,74.67,5,39.732,13.586,10.261,33.509,73.666,66.602
TVC29,stroke,paretic,10,72.993,74.788,55.983,10,70.438,72.323,56.179,10,60.544,59.765,61.797,10,53.926,35.634,29.52,63.437,40.19,81.065
TVC29,stroke,non-paretic,8,58.594,63.793,30.584,8,51.19,51.075,52.986,8,42.638,38.148,57.437,8,29.795,48.064,7.93,14.573,49.463,80.893
TVC30,stroke,paretic,17,62.331,60.6,73.217,17,59.937,58.112,70.253,16,39.962,44.91,19.33,17,14.715,45.137,41.29,29.294,24.305,80.49
TVC30,stroke,non-paretic,16,61.721,67.554,46.375,16,57.779,67.582,36.8,14,59.657,54.286,69.224,16,16.134,47.771,60.532,47.128,46.054,66.603
TVC32,stroke,paretic,5,59.12,55.629,71.252,5,62.614,60.794,69.711,5,35.148,40.556,25.105,5,52.867,22.458,36.324,53.826,23.117,69.771
TVC32,stroke,non-paretic,5,53.107,59.195,41.939,5,41.288,50.028,26.638,5,43.335,39.412,50.307,5,11.469,31.189,65.814,54.246,35.564,61.146
TVC33,stroke,paretic,13,48.268,43.69,83.038,13,59.43,58.743,65.595,13,31.467,32.727,23.935,13,69.031,20.357,43.241,17.152,24.652,90.243
TVC33,stroke,non-paretic,12,65.722,67.51,60.354,12,60.319,64.333,46.744,12,33.768,27.401,52.215,12,9.54,15.068,27.364,16.833,35.24,73.483
TVC34,stroke,paretic,11,69.123,68.996,68.403,11,71.817,70.446,75.013,11,40.95,44.243,30.571,11,40.205,43.03,37.317,41.413,41.913,67.013
TVC34,stroke,non-paretic,12,68.311,69.998,64.44,12,71.139,69.439,75.491,12,34.855,28.562,48.968,12,40.801,34.848,52.597,30.936,43.765,64.095
TVC35,stroke,paretic,7,53.128,52.02,55.192,7,55.653,56.966,50.425,7,41.992,40.646,46.953,7,32.139,16.983,31.397,28.129,21.479,69.023
TVC35,stroke,non-paretic,8,60.968,61.541,58.165,8,56.079,53.828,66.011,8,41.593,38.708,48.497,8,35.777,32.03,19.456,41.434,29.82,64.924
TVC36,stroke,paretic,8,54.191,52.015,64.18,8,55.631,53.258,66.95,8,43.717,45.154,34.409,8,35.939,36.688,42.895,25.899,36.776,83.007
TVC36,stroke,non-paretic,8,70.677,68.721,73.604,8,68.794,67.714,71.335,8,65.087,60.807,69.252,8,14.236,8.079,34.491,62.587,20.754,53.652
TVC37,stroke,paretic,7,60.257,54.455,75.217,7,59.83,54.964,74.167,7,59.616,61.421,57.627,7,44.142,14.229,33.367,28.914,5.537,72.704
TVC37,stroke,non-paretic,10,58.491,53.77,67.389,10,58.186,57.823,59.481,10,59.264,62.095,55.904,10,33.387,14.196,15.125,22.288,45.105,63.371
TVC38,stroke,paretic,13,54.906,52.319,65.184,13,49.23,46.807,61.092,13,64.187,62.153,72.171,13,56.597,22.101,31.807,33.605,45.923,77.846
TVC38,stroke,non-paretic,13,74.409,75.19,70.891,13,72.382,72.42,72.39,13,36.877,34.543,44.162,13,44.755,34.335,37.363,31.323,41.174,74.194
TVC39,stroke,paretic,15,65.687,68.146,52.525,9,57.304,58.678,48.519,15,30.103,27.404,42.1,15,34.665,26.085,19.274,22.338,25.781,84.623
TVC39,stroke,non-paretic,15,65.343,65.144,67.386,15,57.764,58.892,54.323,15,43.185,42.265,46.755,15,24.735,14.346,29.91,9.51,13.447,75.187
TVC40,stroke,paretic,5,58.409,54.446,69.116,4,64.232,60.128,80.471,5,53.269,48.111,74.455,5,67.792,32.542,39.381,20.839,44.196,70.728
TVC40,stroke,non-paretic,5,62.492,70.706,45.606,5,56.958,70.34,35.783,5,44.448,46.15,41.871,5,34.645,40.28,59.84,46.993,36.803,59.247
TVC41,stroke,paretic,7,50.776,51.414,49.507,7,62.632,64.695,50.57,7,49.365,48.031,55.941,7,33.666,8.549,34.309,22.749,36.563,83.666
TVC41,stroke,non-paretic,6,73.69,74.859,70.58,6,77.499,75.13,82.849,6,72.464,74.742,67.954,6,75.708,44.855,48.318,89.644,82.234,67.689
TVC42,stroke,paretic,6,,,,0,,,,0,,,,0,,,,,,70.513
TVC42,stroke,non-paretic,6,64.789,63.333,67.489,6,63.9,64.953,64.489,6,32.511,30.358,37.128,6,26.107,16.95,20.779,10.889,31.518,62.443
TVC43,stroke,paretic,5,75.811,77.538,71.387,5,68.297,74.196,58.193,5,31.127,28.055,39.517,5,23.457,22.138,31.628,36.244,33.107,63.142
TVC43,stroke,non-paretic,6,72.624,68.699,80.977,6,71.728,76.41,63.507,6,53.098,48.268,65.247,6,35.082,23.876,41.675,35.864,41.941,63.396
TVC46,stroke,paretic,3,58.687,64.362,45.343,3,47.081,49.737,43.883,3,40.434,39.797,41.96,3,24.209,55.844,25.774,34.932,19.281,60.9
TVC46,stroke,non-paretic,4,50.196,58.912,37.395,4,56.573,57.503,54.235,4,33.483,40.969,20.59,4,30.345,35.664,30.42,44.231,17.782,59.16
TVC47,stroke,paretic,12,44.325,43.61,50.773,9,69.445,69.431,69.856,9,43.518,47.789,27.621,9,49.106,7.493,40.67,24.742,8.614,77.279
TVC47,stroke,non-paretic,12,62.72,62.477,63.847,7,59.757,57.664,69.454,7,43.067,36.738,63.543,4,45.883,20.494,21.036,25.532,28.472,75.628
TVC48,stroke,paretic,13,70.347,73.415,57.434,12,64.75,66.593,54.302,12,56.186,54.112,63.653,12,34.907,47.211,72.594,24.825,60.073,79.003
TVC48,stroke,non-paretic,13,76.183,79.092,58.611,12,46.044,45.808,47.607,12,74.337,74.592,73.719,12,52.864,57.925,32.201,36.147,50.0,76.295
TVC49,stroke,paretic,10,60.041,61.551,53.998,10,57.532,58.258,52.685,10,41.558,40.58,45.315,10,22.887,29.301,41.818,25.325,39.051,75.873
TVC49,stroke,non-paretic,10,59.856,57.669,67.312,10,54.578,55.031,54.417,10,39.733,38.57,43.26,10,23.257,13.546,25.864,35.075,42.997,74.147
TVC51,stroke,paretic,6,,,,0,,,,0,,,,0,,,,,,69.62
TVC51,stroke,non-paretic,5,,,,0,,,,0,,,,0,,,,,,69.163
TVC52,stroke,paretic,4,73.38,71.824,76.219,3,60.79,65.661,55.074,3,42.804,41.199,48.631,3,35.398,35.498,32.301,12.321,19.68,62.23
TVC52,stroke,non-paretic,4,64.934,70.007,56.501,4,63.436,72.626,49.999,4,46.148,48.564,40.277,4,26.374,33.516,39.286,38.786,23.352,61.793
TVC53,stroke,paretic,8,,,,0,,,,0,,,,0,,,,,,66.695
TVC53,stroke,non-paretic,9,,,,0,,,,0,,,,0,,,,,,64.569
TVC54,stroke,paretic,13,,,,0,,,,0,,,,0,,,,,,73.326
TVC54,stroke,non-paretic,13,,,,0,,,,0,,,,0,,,,,,73.522
TVC55,stroke,paretic,5,,,,0,,,,0,,,,0,,,,,,68.512
TVC55,stroke,non-paretic,6,,,,0,,,,0,,,,0,,,,,,72.05
TVC57,stroke,paretic,7,,,,0,,,,0,,,,0,,,,,,76.89
TVC57,stroke,non-paretic,6,,,,0,,,,0,,,,0,,,,,,69.463
TVC58,stroke,paretic,6,74.599,77.848,67.68,6,71.546,73.661,67.736,6,35.839,35.472,35.279,6,21.828,31.785,29.67,35.365,38.278,66.301
TVC58,stroke,non-paretic,7,72.907,74.289,70.436,7,65.014,68.534,59.297,7,39.783,47.187,27.52,7,26.573,36.235,34.722,26.859,12.302,65.676
TVC60,stroke,paretic,4,70.949,72.679,67.203,4,69.21,72.337,62.544,4,32.055,35.515,27.217,4,22.003,25.25,45.28,50.125,30.42,61.729
TVC60,stroke,non-paretic,4,65.399,69.806,52.784,4,59.58,59.331,60.578,4,42.552,34.681,59.401,4,27.198,24.825,21.004,23.102,33.866,63.009
SUBJ1,able-bodied,left,7,62.524,60.136,67.728,7,55.75,50.755,70.436,7,29.924,30.726,28.126,7,28.985,16.983,9.633,36.421,39.703,63.779
SUBJ1,able-bodied,right,6,56.548,46.447,73.067,6,59.869,61.223,57.133,6,33.642,36.523,27.602,6,30.003,18.398,52.115,39.943,36.53,61.124
SUBJ2,able-bodied,left,9,67.624,71.526,63.656,9,64.162,65.89,61.71,9,39.007,44.516,29.182,9,45.188,56.899,23.21,33.344,29.26,62.08
SUBJ2,able-bodied,right,10,76.116,79.393,68.466,10,78.088,79.785,73.801,10,56.45,54.053,62.172,10,52.907,70.779,59.76,41.239,48.102,63.51
SUBJ3,able-bodied,left,4,63.748,59.448,71.88,3,60.38,54.051,74.972,4,,,,0,53.447,29.104,24.575,,23.776,63.618
SUBJ3,able-bodied,right,7,69.072,69.073,67.214,6,61.883,54.854,76.486,7,39.899,44.234,27.812,7,48.494,38.029,22.392,42.301,34.451,66.253
SUBJ4,able-bodied,left,6,64.996,66.275,62.659,5,56.612,52.796,58.959,6,,,,0,45.738,35.784,30.969,,26.174,59.869
SUBJ4,able-bodied,right,7,65.97,63.53,72.286,4,49.491,51.953,43.232,7,29.007,33.105,19.935,7,21.293,13.661,28.885,45.24,23.648,62.46
SUBJ5,able-bodied,left,13,74.912,74.857,74.525,13,73.677,73.449,73.975,13,43.355,49.167,32.675,13,29.079,36.64,46.469,46.292,17.905,62.401
SUBJ5,able-bodied,right,12,69.847,72.001,65.698,12,67.87,67.767,68.699,12,50.825,51.001,50.09,12,23.335,42.408,41.001,54.287,35.248,65.693
SUBJ6,able-bodied,left,8,49.664,45.481,55.835,8,55.356,52.563,59.353,8,25.16,29.525,17.287,8,42.02,23.914,28.334,41.533,19.018,61.201
SUBJ6,able-bodied,right,7,54.079,43.463,70.944,7,63.249,67.208,57.824,7,32.295,33.484,29.987,7,33.624,16.912,32.696,41.344,22.463,60.952
SUBJ7,able-bodied,left,5,55.249,51.539,59.029,5,61.299,58.469,65.063,5,29.552,36.008,20.544,5,26.773,28.751,33.107,34.026,25.994,64.464
SUBJ7,able-bodied,right,7,52.259,44.807,60.749,7,53.199,47.671,61.158,7,34.608,39.328,26.269,7,24.033,25.731,40.988,49.379,20.023,63.59
SUBJ8,able-bodied,left,9,68.326,69.011,66.785,9,36.453,29.636,53.956,9,47.871,45.379,52.374,9,28.039,29.182,2.653,35.22,30.414,63.057
SUBJ8,able-bodied,right,8,71.139,71.459,69.838,8,66.215,68.112,62.574,8,54.832,52.848,59.512,8,25.05,22.79,25.937,33.479,39.261,61.845
SUBJ9,able-bodied,left,6,48.024,33.426,75.324,6,,,,0,30.392,34.916,21.879,6,31.219,9.241,,35.148,25.158,61.843
SUBJ9,able-bodied,right,8,59.963,69.768,50.921,8,57.311,75.627,41.669,8,28.703,28.394,28.609,8,16.296,24.213,33.354,30.594,26.036,61.759
SUBJ10,able-bodied,left,7,54.062,42.631,73.245,7,46.294,35.227,61.95,7,32.833,35.321,28.273,7,28.158,7.692,15.042,31.74,26.445,59.871
SUBJ10,able-bodied,right,6,63.307,58.816,68.795,6,49.088,34.564,62.32,6,36.557,35.985,38.277,6,22.611,17.366,13.753,17.333,19.68,62.753
SUBJ11,able-bodied,left,10,,,,0,59.17,54.842,63.453,10,28.754,34.271,23.244,10,18.881,,27.133,52.537,9.7,60.382
SUBJ11,able-bodied,right,9,68.076,66.217,69.857,9,66.78,64.626,70.518,9,33.601,32.986,34.212,9,28.449,28.849,35.587,51.893,21.967,63.244
SUBJ12,able-bodied,left,5,,,,0,64.832,71.429,52.438,5,,,,0,14.845,,23.137,,40.2,64.789
SUBJ12,able-bodied,right,5,,,,0,50.136,60.35,28.743,5,39.232,45.163,25.91,5,32.687,,29.031,44.595,39.82,63.711
SUBJ13,able-bodied,left,10,62.629,57.779,72.879,10,62.879,68.499,56.084,10,35.037,39.8,28.136,10,33.247,29.5,38.312,34.156,17.532,63.13
SUBJ13,able-bodied,right,10,72.215,72.905,71.007,10,75.114,77.061,71.046,10,42.5,33.954,64.019,10,37.433,43.806,37.303,21.938,44.885,64.326
SUBJ14,able-bodied,left,4,55.123,59.214,46.054,4,49.579,55.812,38.512,4,37.852,34.603,45.439,4,36.214,33.866,30.17,46.154,31.469,62.572
SUBJ14,able-bodied,right,5,54.673,52.893,57.37,5,62.539,63.544,60.888,5,25.834,29.648,16.336,5,29.55,22.537,21.558,41.538,25.734,61.621
SUBJ15,able-bodied,left,7,77.154,78.481,73.442,5,67.619,75.358,55.478,5,,,,0,25.994,38.282,47.892,,18.601,63.309
SUBJ15,able-bodied,right,8,,,,0,56.996,57.971,56.063,8,42.91,38.808,59.107,8,24.201,,23.277,9.778,22.403,65.043
SUBJ16,able-bodied,left,4,50.187,51.784,48.567,3,48.842,43.612,60.592,3,39.621,47.781,25.883,3,47.527,24.842,20.613,42.532,23.543,64.013
SUBJ16,able-bodied,right,6,58.395,66.985,43.338,5,57.213,58.088,55.525,5,33.888,35.471,30.148,5,25.115,44.376,24.436,38.961,38.362,62.894
SUBJ17,able-bodied,left,6,53.305,52.459,53.907,6,50.129,48.318,53.583,6,27.433,29.813,22.422,4,32.184,24.209,17.566,40.959,28.921,63.205
SUBJ17,able-bodied,right,7,57.407,59.363,53.894,7,56.538,56.709,55.826,7,32.194,36.191,25.012,7,27.786,22.335,22.948,37.163,40.802,61.1
SUBJ18,able-bodied,left,7,54.414,56.918,52.506,4,39.48,30.927,54.948,4,32.832,31.469,36.302,4,25.05,22.203,5.32,24.75,23.202,62.037
SUBJ18,able-bodied,right,5,28.039,47.188,12.988,1,25.689,31.344,20.967,3,27.186,29.708,21.305,3,2.764,29.371,15.052,44.422,22.244,64.327
SUBJ19,able-bodied,left,6,49.849,35.875,67.148,5,60.903,54.402,73.74,6,,,,0,28.305,12.707,20.13,,18.465,64.161
SUBJ19,able-bodied,right,7,55.979,43.709,69.892,7,57.618,48.586,68.468,7,21.705,23.478,18.966,7,27.373,18.853,19.837,41.173,14.129,63.138
SUBJ20,able-bodied,left,6,69.142,70.597,67.255,6,68.401,72.036,60.038,6,46.11,48.446,40.848,6,51.898,39.893,32.101,25.258,31.868,63.647
SUBJ20,able-bodied,right,8,69.295,63.827,79.467,8,71.887,71.122,73.442,8,44.209,38.827,53.541,8,23.814,24.85,34.603,31.893,34.778,64.995
SUBJ21,able-bodied,left,9,,,,0,,,,0,,,,0,,,,,,64.821
SUBJ21,able-bodied,right,9,,,,0,,,,0,,,,0,,,,,,63.306
SUBJ22,able-bodied,left,9,57.048,72.896,39.969,9,55.887,75.546,34.565,9,50.537,51.735,47.753,9,13.609,31.824,40.815,45.643,44.655,64.14
SUBJ22,able-bodied,right,9,59.905,71.081,44.721,6,64.523,75.933,47.307,6,54.647,50.135,63.108,9,18.914,33.478,35.587,37.984,40.582,63.723
SUBJ23,able-bodied,left,5,,,,0,,,,0,,,,0,,,,,,62.982
SUBJ23,able-bodied,right,6,,,,0,,,,0,,,,0,,,,,,64.37
SUBJ24,able-bodied,left,8,50.891,60.778,40.933,8,51.995,60.446,41.767,8,35.874,38.467,32.271,8,13.886,24.213,29.271,25.375,10.864,61.975
SUBJ24,able-bodied,right,9,52.699,48.95,56.557,6,61.11,64.142,57.441,6,32.593,38.747,25.425,9,18.415,20.213,28.893,31.813,15.862,61.775
SUBJ25,able-bodied,left,7,67.25,65.031,71.415,5,67.531,64.785,73.357,6,,,,0,40.376,26.194,29.471,,17.566,61.74
SUBJ25,able-bodied,right,7,72.079,68.887,78.347,7,70.826,65.153,77.058,7,20.943,23.447,17.45,7,35.564,38.718,38.947,41.858,17.425,62.0
SUBJ26,able-bodied,left,8,48.05,42.915,54.729,8,,,,0,24.733,29.812,16.838,8,22.515,18.069,,38.761,15.272,62.14
SUBJ26,able-bodied,right,9,56.119,58.757,53.344,9,58.71,65.272,49.915,9,19.026,23.173,12.815,9,13.797,23.088,37.496,38.129,22.589,63.732
SUBJ27,able-bodied,left,9,,,,0,,,,0,31.065,35.044,24.704,9,,25.142,34.887,43.235,24.265,64.503
SUBJ27,able-bodied,right,9,50.55,46.687,56.373,9,59.669,63.524,52.628,9,30.911,32.265,28.571,9,22.011,14.408,29.027,33.378,22.977,64.724
SUBJ28,able-bodied,left,8,71.664,64.831,82.093,8,64.522,62.405,67.882,8,28.322,33.56,20.718,8,55.37,34.191,45.442,51.124,17.42,61.828
SUBJ28,able-bodied,right,9,74.569,75.882,72.152,9,74.487,70.474,80.335,9,30.359,35.765,22.744,9,29.082,41.88,23.599,45.577,15.707,62.026
SUBJ29,able-bodied,left,4,,,,0,,,,0,,,,0,,35.265,32.068,,28.105,60.224
SUBJ29,able-bodied,right,6,71.047,63.277,77.585,6,61.204,63.291,59.265,6,40.421,37.104,45.729,6,28.372,23.676,48.518,44.156,48.518,60.853
SUBJ30,able-bodied,left,4,62.49,60.596,65.301,2,58.378,52.134,64.765,4,,,,0,23.601,14.486,19.88,,21.479,59.862
SUBJ30,able-bodied,right,6,66.789,71.578,61.725,6,61.352,69.187,55.287,6,34.745,37.557,31.649,6,26.374,11.089,40.926,43.973,19.081,59.498
SUBJ31,able-bodied,left,3,54.46,46.797,73.363,3,53.371,53.088,53.639,3,24.175,27.117,19.745,3,20.18,41.225,25.508,30.736,26.141,61.405
SUBJ31,able-bodied,right,5,,,,0,49.357,50.398,47.571,5,31.771,39.551,19.306,5,24.635,,25.694,36.364,24.296,61.437
SUBJ32,able-bodied,left,8,61.504,60.286,65.676,8,72.631,69.329,80.279,8,39.658,56.513,20.051,5,33.841,14.298,20.529,36.384,24.151,62.27
SUBJ32,able-bodied,right,10,64.745,68.322,54.421,10,65.084,59.826,81.439,10,33.55,34.056,32.24,7,34.456,25.544,15.954,25.574,37.602,62.639
SUBJ33,able-bodied,left,9,55.736,46.972,73.311,7,56.946,55.811,58.912,7,42.072,48.431,30.749,6,24.989,7.735,20.808,36.307,25.591,61.442
SUBJ33,able-bodied,right,8,57.162,56.208,57.852,6,60.423,52.422,69.225,6,31.148,31.419,30.471,6,30.286,29.171,26.174,38.811,28.488,61.023
SUBJ34,able-bodied,left,6,47.135,47.616,47.948,6,50.709,39.886,63.079,6,22.006,35.917,10.778,6,23.893,10.956,14.103,29.054,13.503,62.595
SUBJ34,able-bodied,right,6,39.452,29.888,49.371,6,64.153,57.196,75.18,6,20.124,27.139,11.606,6,30.769,13.27,27.239,37.163,16.217,61.01
SUBJ35,able-bodied,left,6,59.017,49.484,67.492,6,63.31,69.734,58.113,6,,,,0,26.374,21.362,33.583,,20.363,61.333
SUBJ35,able-bodied,right,6,57.135,53.399,60.497,6,54.672,55.273,54.273,6,31.366,32.972,29.189,6,21.645,18.731,32.334,43.24,27.023,60.96
SUBJ36,able-bodied,left,6,13.738,7.946,20.385,6,54.349,46.104,65.078,6,,,,0,43.357,5.861,13.736,,27.922,59.543
SUBJ36,able-bodied,right,8,67.088,63.267,72.945,8,74.649,77.688,69.846,8,36.142,33.882,39.956,8,23.177,16.783,33.067,34.94,36.813,62.874
SUBJ37,able-bodied,left,4,,,,0,65.917,74.542,54.576,4,35.927,35.263,36.643,4,22.403,,31.444,39.161,22.877,59.745
SUBJ37,able-bodied,right,5,,,,0,55.721,61.191,49.403,5,,,,0,21.818,,29.99,,13.926,61.951
SUBJ38,able-bodied,left,4,72.057,69.483,78.081,3,66.024,69.672,59.329,4,,,,0,24.226,20.879,30.519,,25.799,63.235
SUBJ38,able-bodied,right,5,61.683,60.539,64.517,4,59.581,56.636,63.008,4,39.982,48.253,19.219,4,28.946,15.41,24.251,52.947,28.921,63.177
SUBJ39,able-bodied,left,6,,,,0,,,,0,42.218,44.309,38.221,6,,28.805,15.468,25.008,19.031,61.939
SUBJ39,able-bodied,right,8,67.044,61.586,79.833,8,57.838,51.749,71.708,8,47.631,48.86,44.497,8,63.399,24.688,15.659,38.899,25.0,62.178
SUBJ40,able-bodied,left,5,67.254,63.135,73.108,5,67.446,72.94,60.975,5,,,,0,24.875,39.86,51.688,,29.97,61.288
SUBJ40,able-bodied,right,8,59.866,57.51,63.275,8,62.673,71.104,50.519,8,27.145,28.023,25.801,8,23.801,23.014,59.803,33.004,21.953,61.597
SUBJ41,able-bodied,left,6,62.758,60.57,65.318,6,69.909,65.188,75.166,6,,,,0,28.472,24.525,26.29,,13.47,62.471
SUBJ41,able-bodied,right,4,69.416,72.902,64.151,4,71.659,71.341,71.316,4,24.979,29.362,17.098,4,31.244,29.645,34.665,35.49,14.261,63.174
SUBJ42,able-bodied,left,8,70.327,67.62,75.811,8,73.538,71.105,77.959,8,,,,0,40.31,26.661,30.894,,18.894,63.836
SUBJ42,able-bodied,right,7,74.062,68.45,85.216,7,72.666,68.217,81.757,7,41.787,48.404,30.074,7,54.346,31.397,31.797,45.84,13.358,63.439
SUBJ43,able-bodied,left,5,62.561,73.562,51.041,4,62.895,70.071,56.304,5,,,,0,19.361,35.165,26.633,,31.928,60.0
SUBJ43,able-bodied,right,4,,,,0,,,,0,,,,0,,,,,,60.005
SUBJ44,able-bodied,left,6,60.112,69.26,49.907,6,60.902,67.969,51.748,6,,,,0,19.264,29.187,26.29,,28.971,62.44
SUBJ44,able-bodied,right,8,53.628,54.696,53.17,8,66.169,65.698,67.242,8,53.076,58.471,46.412,8,22.54,31.806,19.655,42.07,22.677,60.478
SUBJ45,able-bodied,left,5,52.718,58.559,46.249,5,53.876,38.769,63.713,5,,,,0,36.004,13.327,22.038,,19.001,61.056
SUBJ45,able-bodied,right,5,43.887,58.174,35.18,4,62.405,65.659,59.935,4,24.867,28.224,18.577,4,34.765,19.381,30.969,30.994,17.358,60.124
SUBJ46,able-bodied,left,3,64.051,64.893,63.322,3,56.467,48.063,65.698,3,,,,0,28.338,24.542,17.216,,19.014,64.538
SUBJ46,able-bodied,right,3,71.967,72.952,69.399,3,69.073,68.675,68.667,3,29.386,34.903,21.432,3,26.44,23.31,28.005,36.597,26.307,63.037
SUBJ47,able-bodied,left,6,,,,0,,,,0,47.006,50.176,41.793,6,,29.204,41.325,40.46,28.854,63.691
SUBJ47,able-bodied,right,6,82.051,85.385,76.907,6,66.551,68.365,63.904,6,37.743,46.672,23.324,6,32.101,50.067,55.062,36.946,15.917,63.127
SUBJ48,able-bodied,left,3,,,,0,,,,0,,,,0,,,,,,64.764
SUBJ48,able-bodied,right,5,,,,0,,,,0,,,,0,,,,,,62.911
SUBJ49,able-bodied,left,6,57.88,48.66,69.114,5,78.263,80.244,75.12,6,,,,0,27.239,14.885,23.959,,14.569,62.587
SUBJ49,able-bodied,right,5,71.356,67.26,76.712,5,74.192,78.814,68.049,5,35.862,37.053,34.34,5,32.887,26.014,35.844,40.999,28.671,62.737
SUBJ50,able-bodied,left,7,66.326,62.959,78.869,7,62.18,62.187,62.056,7,28.665,42.098,12.101,7,19.067,45.897,46.853,34.366,14.685,64.926
SUBJ50,able-bodied,right,9,,,,0,58.936,53.692,67.269,9,35.343,50.07,14.211,9,36.563,,29.082,49.761,15.107,64.749
SUBJ51,able-bodied,left,5,,,,0,,,,0,28.035,26.143,30.913,5,,24.276,21.479,33.606,21.938,59.117
SUBJ51,able-bodied,right,3,50.275,41.987,57.668,3,55.21,50.54,60.041,3,20.834,24.619,16.061,3,27.772,14.652,25.841,46.853,27.473,62.138
SUBJ52,able-bodied,left,6,72.597,75.2,69.418,4,71.535,65.771,81.185,4,43.384,43.628,43.246,6,26.499,38.045,28.039,47.569,30.403,61.441
SUBJ52,able-bodied,right,5,78.227,77.542,79.483,3,63.285,54.493,76.953,3,40.713,42.226,37.871,5,63.903,38.761,25.475,43.856,27.033,62.374
SUBJ53,able-bodied,left,8,65.741,59.295,72.741,5,73.001,76.46,69.906,7,,,,0,27.33,22.757,36.877,,52.205,58.059
SUBJ53,able-bodied,right,6,60.232,68.965,50.31,6,65.347,75.991,54.604,6,43.617,53.175,30.753,6,14.069,44.106,36.097,56.81,27.073,56.845
SUBJ54,able-bodied,left,3,,,,0,,,,0,,,,0,,,,,,58.059
SUBJ54,able-bodied,right,4,,,,0,,,,0,,,,0,,,,,,57.184
SUBJ55,able-bodied,left,5,49.405,36.417,67.115,5,53.841,48.658,62.277,5,26.23,24.343,30.777,5,12.348,11.189,8.591,25.475,17.702,62.548
SUBJ55,able-bodied,right,5,56.498,56.794,56.537,5,58.164,51.254,64.512,5,19.026,24.761,13.791,5,12.428,39.401,16.404,36.783,15.145,60.23
SUBJ56,able-bodied,left,8,44.939,45.068,45.786,8,32.941,36.094,30.419,8,32.419,36.913,26.324,8,16.121,13.586,15.272,25.987,15.122,60.604
SUBJ56,able-bodied,right,8,,,,0,56.75,61.267,52.922,8,24.546,30.936,15.715,8,23.177,,22.465,43.869,15.972,58.62
SUBJ57,able-bodied,left,6,51.775,47.379,60.815,6,63.266,67.0,59.937,6,,,,0,20.912,1.715,19.997,,19.464,61.769
SUBJ57,able-bodied,right,5,75.794,79.589,70.546,5,67.663,71.124,64.162,5,34.376,41.175,25.34,5,21.518,39.401,26.494,48.891,20.679,59.347
SUBJ58,able-bodied,left,3,44.929,53.543,33.178,3,48.473,61.907,30.464,3,42.109,46.378,34.319,3,14.719,22.577,22.511,33.533,38.029,62.943
SUBJ58,able-bodied,right,4,63.427,47.178,81.7,4,55.285,45.616,64.503,4,33.562,44.903,17.522,4,29.795,23.327,18.556,39.86,23.427,61.833
SUBJ59,able-bodied,left,6,52.081,40.937,71.105,5,63.47,60.487,66.355,5,,,,0,17.922,10.13,24.236,,10.869,62.56
SUBJ59,able-bodied,right,6,52.151,37.914,70.089,5,59.797,53.206,67.914,6,23.01,32.181,11.171,6,18.215,15.604,25.924,39.044,18.398,62.379
SUBJ60,able-bodied,left,7,62.885,68.271,53.176,7,64.818,70.903,57.47,7,44.842,53.525,29.707,7,24.59,33.595,37.42,35.793,20.522,59.753
SUBJ60,able-bodied,right,6,55.741,53.92,58.727,5,56.642,60.061,50.329,5,47.724,55.625,31.494,5,17.323,32.647,21.818,62.118,38.382,63.296
SUBJ61,able-bodied,left,5,64.706,63.556,66.397,5,64.868,65.232,64.069,5,,,,0,17.922,14.845,28.851,,16.164,63.183
SUBJ61,able-bodied,right,5,64.839,53.793,79.921,5,72.566,66.285,80.873,5,37.431,46.568,22.247,5,40.42,12.168,24.156,31.568,16.324,62.762
SUBJ62,able-bodied,left,6,72.757,75.061,69.3,5,69.062,67.751,70.554,6,,,,0,35.331,48.452,38.861,,20.446,60.507
SUBJ62,able-bodied,right,6,72.484,71.248,74.64,6,65.27,61.527,70.3,6,30.325,34.812,23.495,6,40.593,19.913,26.557,14.036,13.237,60.476
SUBJ63,able-bodied,left,7,71.139,76.432,62.918,6,58.256,71.901,44.469,6,,,,0,13.42,25.874,33.65,,22.86,59.597
SUBJ63,able-bodied,right,6,55.854,67.671,45.036,6,66.418,80.538,49.047,6,24.462,30.821,14.744,6,14.868,27.589,32.468,40.376,15.784,59.229
SUBJ64,able-bodied,left,5,53.967,56.605,51.278,4,59.162,46.933,76.909,5,,,,0,28.731,37.587,19.341,,24.076,59.444
SUBJ64,able-bodied,right,4,62.024,55.905,72.931,4,61.58,56.024,71.231,4,55.159,50.81,61.577,4,24.276,20.055,20.43,33.392,38.886,60.398
SUBJ65,able-bodied,left,6,59.959,68.513,49.694,6,48.73,49.536,48.762,6,,,,0,16.567,19.331,13.07,,18.681,61.53
SUBJ65,able-bodied,right,5,57.396,55.367,60.934,5,58.943,58.199,60.149,5,33.267,40.883,21.486,5,23.357,15.285,20.38,56.543,19.241,61.839
SUBJ66,able-bodied,left,8,34.44,40.902,31.869,6,32.924,38.755,32.868,7,17.355,19.458,14.562,6,9.89,10.34,15.427,36.506,18.465,61.095
SUBJ66,able-bodied,right,7,43.417,37.922,47.22,5,41.91,38.548,43.641,6,,,,0,23.177,19.161,20.013,,14.006,62.14
SUBJ67,able-bodied,left,8,41.418,30.494,50.912,8,58.727,51.683,72.15,8,21.335,23.415,19.26,8,23.876,22.515,8.092,28.509,13.524,60.867
SUBJ67,able-bodied,right,9,61.516,70.509,53.074,9,60.392,71.411,50.284,9,19.462,29.484,10.755,9,14.597,25.053,19.836,51.981,13.109,59.714
SUBJ68,able-bodied,left,8,62.879,59.599,66.118,8,61.839,61.724,62.553,8,32.67,42.894,20.596,8,23.914,18.919,33.192,38.349,14.261,57.266
SUBJ68,able-bodied,right,8,64.061,62.329,65.73,8,64.524,65.908,63.683,8,34.239,45.032,21.462,8,25.062,23.489,26.311,37.438,20.192,56.129
SUBJ69,able-bodied,left,5,61.957,54.631,72.624,2,57.481,44.615,75.798,3,,,,0,24.476,24.675,34.965,,19.148,62.681
SUBJ69,able-bodied,right,7,68.401,71.382,60.676,4,69.205,72.638,63.584,6,27.277,28.179,24.932,6,24.376,14.86,20.946,34.416,25.341,59.018
SUBJ70,able-bodied,left,5,57.795,61.527,52.693,4,59.355,69.184,44.944,4,57.12,49.197,73.941,4,28.122,29.545,49.076,24.126,37.088,61.392
SUBJ70,able-bodied,right,8,70.096,72.169,67.413,6,68.686,77.732,57.729,6,52.772,59.386,36.954,6,21.395,28.538,41.076,53.13,26.374,60.485
SUBJ71,able-bodied,left,7,46.553,51.438,38.057,6,48.022,51.375,43.02,6,35.12,45.121,16.262,6,10.123,24.492,11.605,40.509,15.085,61.899
SUBJ71,able-bodied,right,7,55.615,48.525,72.806,7,66.323,64.554,69.244,7,37.206,39.451,32.202,7,36.392,10.176,34.123,30.883,27.772,60.943
SUBJ72,able-bodied,left,3,,,,0,,,,0,,,,0,,,,,,62.689
SUBJ72,able-bodied,right,6,,,,0,,,,0,,,,0,,,,,,62.896
SUBJ73,able-bodied,left,7,66.686,65.369,68.346,6,54.127,58.986,49.625,7,,,,0,22.049,22.594,20.494,,11.86,60.086
SUBJ73,able-bodied,right,8,69.239,66.607,72.175,8,58.188,65.778,51.277,8,31.544,41.789,18.949,8,18.919,17.645,27.647,44.53,14.236,60.019
SUBJ74,able-bodied,left,4,,,,0,,,,0,,,,0,,,,,,60.725
SUBJ74,able-bodied,right,7,,,,0,,,,0,,,,0,,,,,,62.127
SUBJ75,able-bodied,left,6,65.51,63.863,68.172,4,67.459,63.057,76.575,6,,,,0,22.161,22.078,30.053,,13.47,64.182
SUBJ75,able-bodied,right,7,54.773,43.184,68.301,7,57.51,60.56,53.172,7,35.703,28.097,47.538,7,21.207,12.031,22.692,27.101,25.974,64.094
SUBJ76,able-bodied,left,6,64.61,68.911,60.289,6,23.643,12.548,37.718,6,45.502,53.405,34.317,6,17.466,26.823,7.176,53.18,13.203,59.424
SUBJ76,able-bodied,right,6,62.286,71.295,53.454,6,63.0,64.324,61.472,6,47.891,48.168,47.342,6,46.787,31.718,38.462,38.129,23.11,60.294
SUBJ77,able-bodied,left,8,14.376,8.737,25.227,8,57.445,46.961,72.251,8,,,,0,31.643,1.199,14.123,,21.753,61.046
SUBJ77,able-bodied,right,6,66.948,65.284,69.103,6,59.584,51.206,69.706,6,29.664,37.908,15.582,6,28.954,29.787,17.299,37.662,23.71,62.789
SUBJ78,able-bodied,left,7,57.86,57.061,60.234,4,48.524,55.127,41.402,6,,,,0,23.11,20.629,59.407,,11.089,62.465
SUBJ78,able-bodied,right,6,49.855,41.904,59.731,6,62.464,69.451,55.124,6,33.552,31.018,36.64,6,24.326,7.659,31.768,28.771,10.556,61.925
SUBJ79,able-bodied,left,5,63.444,60.538,69.161,4,64.487,65.973,62.741,4,,,,0,20.529,73.127,23.651,,15.085,63.82
SUBJ79,able-bodied,right,7,77.368,75.478,80.768,4,49.618,38.635,64.626,6,32.632,35.737,26.655,5,71.778,34.915,26.257,33.367,22.657,59.954
SUBJ80,able-bodied,left,6,61.493,62.668,56.907,4,58.998,55.815,57.648,4,,,,0,24.176,31.768,28.571,,26.449,58.612
SUBJ80,able-bodied,right,3,51.424,52.991,48.6,3,58.449,56.921,55.351,3,30.337,25.806,34.688,3,19.181,32.401,41.492,42.091,19.58,61.089
SUBJ81,able-bodied,left,6,67.536,68.213,65.25,6,,,,0,,,,0,41.808,15.085,,,35.415,62.748
SUBJ81,able-bodied,right,9,63.873,68.999,53.822,9,,,,0,,,,0,47.919,100.0,,,39.472,63.215
SUBJ82,able-bodied,left,5,53.923,47.134,63.35,5,71.82,64.878,80.512,5,,,,0,32.567,10.569,22.298,,16.104,59.426
SUBJ82,able-bodied,right,3,59.562,44.526,80.139,3,74.061,67.185,83.66,3,41.438,42.898,39.688,3,32.501,13.253,26.44,41.092,26.407,59.214
SUBJ83,able-bodied,left,9,75.496,73.734,78.054,8,70.598,71.665,69.027,9,,,,0,28.305,36.289,46.076,,19.003,59.93
SUBJ83,able-bodied,right,6,74.276,75.912,71.474,6,74.861,73.313,77.244,6,25.548,33.51,11.771,6,43.457,18.015,35.381,46.853,8.525,61.805
SUBJ84,able-bodied,left,6,,,,0,,,,0,,,,0,,,,,,58.307
SUBJ84,able-bodied,right,8,,,,0,,,,0,,,,0,,,,,,62.386
SUBJ85,able-bodied,left,6,,,,0,,,,0,,,,0,,,,,,58.35
SUBJ85,able-bodied,right,8,,,,0,,,,0,,,,0,,,,,,62.592
SUBJ86,able-bodied,left,6,,,,0,,,,0,,,,0,,25.824,23.127,,18.798,66.297
SUBJ86,able-bodied,right,6,52.628,45.3,63.078,6,71.149,77.224,63.395,6,47.153,51.537,41.995,6,30.952,5.961,41.991,42.025,38.162,58.871
SUBJ87,able-bodied,left,8,30.645,49.176,22.294,8,41.067,45.023,37.744,8,32.915,41.547,16.273,8,5.519,16.521,11.114,37.025,25.25,61.789
SUBJ87,able-bodied,right,8,61.921,60.398,63.2,8,52.607,53.602,50.853,8,33.958,38.665,26.845,8,27.672,11.126,18.656,24.6,16.521,62.604
SUBJ88,able-bodied,left,6,52.099,40.353,63.083,6,73.135,73.104,73.244,6,31.583,34.701,28.394,6,26.89,22.711,25.458,35.165,16.533,61.961
SUBJ88,able-bodied,right,8,57.568,40.365,78.235,8,68.558,68.563,68.558,8,31.473,42.097,20.643,8,23.839,32.38,45.142,49.975,12.875,61.863
SUBJ89,able-bodied,left,4,72.384,68.564,78.263,4,64.708,61.067,72.931,4,26.322,42.662,10.408,4,28.197,21.753,43.781,47.977,13.561,60.003
SUBJ89,able-bodied,right,5,,,,0,65.723,65.301,66.135,5,30.951,46.059,14.545,5,22.058,,28.751,52.468,16.204,59.953
SUBJ90,able-bodied,left,12,54.474,52.531,56.26,11,57.699,54.725,60.531,11,38.379,40.757,35.045,11,22.06,18.581,20.897,32.304,23.449,61.347
SUBJ90,able-bodied,right,13,60.614,55.222,66.472,12,53.305,40.59,68.92,12,43.371,57.353,28.313,12,30.753,24.442,18.615,40.959,11.455,60.174
SUBJ91,able-bodied,left,7,53.308,64.303,43.648,4,59.196,70.503,48.74,4,50.729,52.79,47.469,4,33.367,25.599,26.199,39.336,28.097,58.193
SUBJ91,able-bodied,right,7,57.759,59.206,56.48,4,63.375,66.599,58.861,4,51.319,58.274,39.712,4,60.34,31.718,37.488,45.854,27.697,58.709
SUBJ92,able-bodied,left,4,59.175,63.173,55.413,3,57.146,55.717,59.302,4,,,,0,40.984,25.574,32.817,,16.908,61.479
SUBJ92,able-bodied,right,5,69.26,71.74,65.425,5,60.974,61.876,59.76,5,35.278,36.184,34.407,5,25.495,19.461,55.584,38.382,28.831,61.544
SUBJ93,able-bodied,left,6,59.033,57.578,60.341,6,59.514,60.258,58.334,6,35.259,41.587,25.045,6,24.958,20.596,23.593,41.525,15.834,62.532
SUBJ93,able-bodied,right,7,57.211,55.127,59.203,7,65.786,74.141,56.124,7,29.214,33.513,21.535,7,20.736,14.371,30.527,35.136,21.821,62.143
SUBJ94,able-bodied,left,8,65.747,70.047,61.185,8,63.382,64.808,61.547,8,46.287,53.024,34.184,8,23.039,31.106,27.498,31.556,15.922,60.309
SUBJ94,able-bodied,right,8,,,,0,74.598,71.412,77.359,8,45.049,46.128,43.436,8,31.706,,25.562,36.451,28.809,61.116
SUBJ95,able-bodied,left,5,,,,0,66.561,69.028,63.065,5,,,,0,15.125,,22.098,,13.312,59.997
SUBJ95,able-bodied,right,6,,,,0,,,,0,34.202,53.642,15.466,6,,,23.177,44.089,11.588,60.561
SUBJ96,able-bodied,left,5,64.092,53.613,78.355,4,60.861,51.664,73.958,4,,,,0,27.522,17.557,11.988,,11.663,61.337
SUBJ96,able-bodied,right,4,69.363,62.311,81.031,4,59.011,51.086,68.879,4,22.473,28.417,12.565,4,26.249,15.435,25.225,26.623,18.681,60.22
SUBJ97,able-bodied,left,4,29.753,28.032,26.431,4,58.323,60.023,57.509,4,,,,0,20.055,4.071,24.7,,12.063,61.689
SUBJ97,able-bodied,right,4,64.722,66.363,62.033,4,71.669,75.005,64.75,4,42.353,48.224,31.311,4,38.536,29.146,35.689,54.62,19.381,60.954
SUBJ98,able-bodied,left,8,60.477,55.299,68.164,7,67.832,65.417,71.866,7,29.13,34.846,21.686,7,29.799,23.919,29.485,39.946,18.31,62.347
SUBJ98,able-bodied,right,7,63.582,57.67,69.8,7,68.649,62.24,78.037,7,29.96,44.857,12.299,7,41.03,28.058,30.341,47.096,13.016,61.075
SUBJ99,able-bodied,left,6,68.349,70.235,65.879,6,71.694,71.53,72.189,6,42.704,49.22,32.011,6,34.549,26.956,24.509,50.882,22.261,59.017
SUBJ99,able-bodied,right,6,63.683,65.957,61.934,6,67.588,65.794,71.216,6,53.436,52.765,55.123,6,19.58,30.22,32.018,38.695,14.685,60.948
SUBJ100,able-bodied,left,5,59.342,51.871,68.31,5,68.277,68.136,69.056,5,,,,0,34.046,20.859,35.045,,29.69,62.164
SUBJ100,able-bodied,right,6,61.749,71.836,49.935,6,64.134,74.431,53.017,6,48.067,43.861,54.512,6,18.298,37.113,33.1,34.182,28.921,61.707
SUBJ101,able-bodied,left,6,59.264,67.591,50.913,6,67.95,73.809,59.089,6,,,,0,11.705,28.255,30.32,,20.463,61.348
SUBJ101,able-bodied,right,5,73.185,71.315,75.152,5,59.731,62.38,55.887,5,30.032,42.96,16.398,5,20.12,16.284,17.183,39.121,19.181,61.253
SUBJ102,able-bodied,left,5,75.37,77.244,71.916,4,73.164,75.544,68.89,4,34.088,37.515,26.849,4,24.226,33.591,28.971,24.8,23.626,62.645
SUBJ102,able-bodied,right,4,81.166,81.283,80.995,3,72.739,73.192,71.96,3,33.815,33.929,33.649,3,26.74,23.343,46.687,48.585,36.663,60.307
SUBJ103,able-bodied,left,6,64.2,59.378,72.547,6,62.077,60.631,64.443,6,32.838,45.06,21.186,6,16.767,6.926,16.9,38.178,9.224,64.61
SUBJ103,able-bodied,right,6,69.523,66.401,74.935,6,67.866,65.344,70.953,6,29.544,37.848,19.446,6,30.636,22.544,27.04,41.042,9.873,65.377
SUBJ104,able-bodied,left,3,,,,0,,,,0,37.293,46.485,22.904,3,,23.576,24.609,36.963,20.213,62.631
SUBJ104,able-bodied,right,5,65.28,66.74,62.904,5,45.543,44.1,47.36,5,23.939,32.461,13.981,5,17.463,15.704,15.265,38.741,15.784,62.239
SUBJ105,able-bodied,left,9,63.093,62.809,63.245,9,62.62,67.146,55.539,9,37.905,42.928,30.735,9,17.927,14.008,20.202,25.708,5.173,63.277
SUBJ105,able-bodied,right,9,,,,0,68.41,61.818,81.42,9,38.225,42.332,31.39,9,29.926,,17.294,30.458,10.434,65.083
SUBJ106,able-bodied,left,6,51.366,71.638,28.978,6,56.9,72.524,36.354,6,44.084,45.863,40.414,6,9.84,24.892,24.043,19.863,16.25,62.643
SUBJ106,able-bodied,right,6,68.422,79.106,47.227,6,59.288,73.273,37.454,6,42.108,43.716,38.919,6,9.64,21.578,26.823,32.051,20.23,62.051
SUBJ107,able-bodied,left,8,73.034,68.579,78.381,6,69.892,61.119,80.035,8,,,,0,31.931,18.165,16.009,,20.305,61.683
SUBJ107,able-bodied,right,6,79.788,79.462,80.011,5,75.624,77.677,73.094,5,31.837,26.167,40.158,5,23.037,29.111,30.21,34.106,36.683,62.629
SUBJ108,able-bodied,left,4,51.682,30.59,74.086,3,58.241,49.743,65.25,3,,,,0,32.468,13.387,28.205,,16.484,59.371
SUBJ108,able-bodied,right,5,60.953,46.329,72.819,4,62.457,60.258,64.109,5,22.105,31.873,10.888,5,26.494,19.406,28.991,44.236,16.144,58.988
SUBJ109,able-bodied,left,6,45.555,46.487,44.383,6,67.3,66.744,68.013,6,33.877,36.738,30.031,6,20.529,15.118,35.098,18.681,17.249,63.532
SUBJ109,able-bodied,right,6,,,,0,61.672,69.564,54.442,6,39.236,44.62,31.544,6,33.566,,30.603,47.719,23.477,59.399
SUBJ110,able-bodied,left,5,67.778,72.687,61.977,3,63.758,63.579,67.274,5,39.086,44.247,28.697,5,20.1,26.274,12.727,38.302,15.345,62.928
SUBJ110,able-bodied,right,6,,,,0,64.146,65.739,64.808,6,37.196,45.965,23.014,6,21.812,,18.765,30.536,13.353,62.303
SUBJ111,able-bodied,left,5,58.593,68.997,47.828,5,38.785,31.462,45.585,5,,,,0,8.711,23.636,7.972,,13.706,60.099
SUBJ111,able-bodied,right,4,50.622,44.274,57.278,4,45.458,37.097,52.249,4,38.801,61.4,15.551,4,18.282,10.564,16.908,46.728,13.362,59.986
SUBJ112,able-bodied,left,4,66.145,64.608,68.052,4,50.789,62.691,36.783,4,35.394,40.523,24.292,4,23.302,25.524,19.605,29.096,28.721,62.296
SUBJ112,able-bodied,right,6,56.034,52.031,58.61,6,37.912,47.299,29.716,6,56.47,69.998,23.803,6,14.302,28.521,3.38,57.16,29.837,63.04
SUBJ113,able-bodied,left,4,57.904,60.813,51.767,2,54.369,58.422,47.152,4,,,,0,21.029,15.435,53.147,,16.983,60.849
SUBJ113,able-bodied,right,4,63.726,56.753,78.044,4,68.412,66.029,73.51,4,34.457,45.675,20.878,4,49.326,27.572,34.515,56.943,22.827,61.453
SUBJ114,able-bodied,left,3,64.11,67.49,58.42,3,68.056,81.568,48.962,3,,,,0,19.114,25.874,31.802,,19.647,64.259
SUBJ114,able-bodied,right,6,72.452,76.255,65.984,6,62.511,61.341,64.184,6,38.369,52.748,13.806,6,23.876,32.684,24.426,43.49,12.787,64.233
SUBJ115,able-bodied,left,6,,,,0,,,,0,,,,0,,10.749,21.079,,17.832,67.491
SUBJ115,able-bodied,right,6,64.629,70.442,55.098,4,50.805,44.742,65.914,6,39.486,41.29,36.064,6,19.297,78.347,12.92,22.511,16.317,63.817
SUBJ116,able-bodied,left,8,62.569,53.454,75.448,7,67.16,61.853,77.535,7,39.94,39.121,42.836,8,32.043,16.74,16.569,14.523,19.618,60.772
SUBJ116,able-bodied,right,8,,,,0,73.159,72.759,74.136,8,37.904,45.694,19.174,8,37.5,,18.482,21.191,20.142,62.916
SUBJ117,able-bodied,left,5,60.066,62.062,58.307,5,64.15,62.629,65.956,5,33.489,33.402,33.847,5,19.9,11.329,12.408,28.651,26.713,62.142
SUBJ117,able-bodied,right,6,,,,0,60.777,51.742,69.175,6,29.317,39.196,18.586,6,21.695,,18.315,45.205,19.514,60.878
SUBJ118,able-bodied,left,5,,,,0,,,,0,,,,0,,,,,,63.755
SUBJ118,able-bodied,right,6,,,,0,,,,0,,,,0,,,,,,64.975
SUBJ119,able-bodied,left,3,,,,0,,,,0,,,,0,,,,,,62.841
SUBJ119,able-bodied,right,3,,,,0,,,,0,,,,0,,,,,,62.647
SUBJ120,able-bodied,left,3,,,,0,,,,0,,,,0,,,,,,64.359
SUBJ120,able-bodied,right,3,,,,0,,,,0,,,,0,,,,,,62.079
SUBJ121,able-bodied,left,7,,,,0,,,,0,,,,0,,,,,,58.085
SUBJ121,able-bodied,right,8,,,,0,,,,0,,,,0,,,,,,60.143
SUBJ122,able-bodied,left,2,,,,0,,,,0,,,,0,,,,,,64.384
SUBJ122,able-bodied,right,3,,,,0,,,,0,,,,0,,,,,,63.201
SUBJ123,able-bodied,left,4,,,,0,,,,0,,,,0,,,,,,64.352
SUBJ123,able-bodied,right,5,,,,0,,,,0,,,,0,,,,,,63.906
SUBJ124,able-bodied,left,4,,,,0,,,,0,,,,0,,,,,,63.648
SUBJ124,able-bodied,right,6,,,,0,,,,0,,,,0,,,,,,60.639
SUBJ125,able-bodied,left,5,,,,0,,,,0,,,,0,,,,,,61.838
SUBJ125,able-bodied,right,6,,,,0,,,,0,,,,0,,,,,,64.226
SUBJ126,able-bodied,left,7,,,,0,,,,0,,,,0,,,,,,55.812
SUBJ126,able-bodied,right,6,,,,0,,,,0,,,,0,,,,,,60.267
SUBJ127,able-bodied,left,3,,,,0,,,,0,,,,0,,,,,,61.184
SUBJ127,able-bodied,right,4,,,,0,,,,0,,,,0,,,,,,61.066
SUBJ128,able-bodied,left,3,,,,0,,,,0,,,,0,,,,,,60.09
SUBJ128,able-bodied,right,3,,,,0,,,,0,,,,0,,,,,,59.534
SUBJ129,able-bodied,left,4,,,,0,,,,0,,,,0,,,,,,65.286
SUBJ129,able-bodied,right,5,,,,0,,,,0,,,,0,,,,,,63.248
SUBJ130,able-bodied,left,11,,,,0,,,,0,,,,0,,,,,,63.601
SUBJ130,able-bodied,right,9,,,,0,,,,0,,,,0,,,,,,62.316
SUBJ131,able-bodied,left,4,,,,0,,,,0,,,,0,,,,,,63.832
SUBJ131,able-bodied,right,3,,,,0,,,,0,,,,0,,,,,,62.854
SUBJ132,able-bodied,left,4,,,,0,,,,0,,,,0,,,,,,59.425
SUBJ132,able-bodied,right,4,,,,0,,,,0,,,,0,,,,,,58.995
SUBJ133,able-bodied,left,5,,,,0,,,,0,,,,0,,,,,,62.628
SUBJ133,able-bodied,right,7,,,,0,,,,0,,,,0,,,,,,62.529
SUBJ134,able-bodied,left,4,,,,0,,,,0,,,,0,,,,,,60.427
SUBJ134,able-bodied,right,6,,,,0,,,,0,,,,0,,,,,,62.932
SUBJ135,able-bodied,left,7,,,,0,,,,0,,,,0,,,,,,64.817
SUBJ135,able-bodied,right,7,,,,0,,,,0,,,,0,,,,,,67.191
SUBJ136,able-bodied,left,4,,,,0,,,,0,,,,0,,,,,,61.161
SUBJ136,able-bodied,right,3,,,,0,,,,0,,,,0,,,,,,59.477
SUBJ137,able-bodied,left,4,,,,0,,,,0,,,,0,,,,,,61.008
SUBJ137,able-bodied,right,5,,,,0,,,,0,,,,0,,,,,,61.333
SUBJ138,able-bodied,left,5,,,,0,,,,0,,,,0,,,,,,62.96
SUBJ138,able-bodied,right,5,,,,0,,,,0,,,,0,,,,,,61.665
