id,group,leg,n_strides,VL,BF,ST,TA,GAS
TVC03,stroke,paretic,9,9,9,9,9,9
TVC03,stroke,non-paretic,8,8,8,8,8,8
TVC04,stroke,paretic,9,9,9,9,9,9
TVC04,stroke,non-paretic,9,9,5,9,9,9
TVC05,stroke,paretic,15,13,15,15,15,15
TVC05,stroke,non-paretic,15,15,15,15,15,15
TVC06,stroke,paretic,6,6,6,6,6,6
TVC06,stroke,non-paretic,7,7,7,7,7,6
TVC08,stroke,paretic,12,8,12,12,12,12
TVC08,stroke,non-paretic,14,13,13,13,13,13
TVC09,stroke,paretic,7,7,7,7,7,7
TVC09,stroke,non-paretic,7,7,7,7,7,5
TVC10,stroke,paretic,9,9,9,9,9,9
TVC10,stroke,non-paretic,10,10,10,10,10,10
TVC11,stroke,paretic,6,0,0,0,0,0
TVC11,stroke,non-paretic,6,0,0,0,0,0
TVC12,stroke,paretic,6,6,6,6,6,6
TVC12,stroke,non-paretic,4,4,4,4,4,4
TVC13,stroke,paretic,9,9,9,9,9,9
TVC13,stroke,non-paretic,9,9,9,9,9,9
TVC14,stroke,paretic,10,10,10,10,10,10
TVC14,stroke,non-paretic,10,10,10,10,10,10
TVC15,stroke,paretic,3,3,3,3,3,3
TVC15,stroke,non-paretic,3,3,3,3,3,2
TVC16,stroke,paretic,9,5,5,5,5,5
TVC16,stroke,non-paretic,10,6,6,6,6,8
TVC17,stroke,paretic,7,7,7,7,7,4
TVC17,stroke,non-paretic,6,6,6,6,6,6
TVC19,stroke,paretic,10,10,10,10,10,10
TVC19,stroke,non-paretic,10,10,10,10,10,10
TVC20,stroke,paretic,3,3,2,3,3,3
TVC20,stroke,non-paretic,3,3,3,3,3,3
TVC21,stroke,paretic,6,4,4,2,4,4
TVC21,stroke,non-paretic,6,4,4,4,4,4
TVC22,stroke,paretic,10,10,10,10,10,10
TVC22,stroke,non-paretic,10,10,10,10,10,10
TVC23,stroke,paretic,10,10,10,10,10,10
TVC23,stroke,non-paretic,11,11,11,11,11,11
TVC24,stroke,paretic,8,8,8,8,8,8
TVC24,stroke,non-paretic,8,8,8,8,8,8
TVC25,stroke,paretic,9,9,9,9,9,9
TVC25,stroke,non-paretic,8,8,8,8,8,8
TVC26,stroke,paretic,9,9,9,9,9,5
TVC26,stroke,non-paretic,7,7,7,7,7,7
TVC27,stroke,paretic,6,6,6,6,6,6
TVC27,stroke,non-paretic,6,6,6,4,6,6
TVC28,stroke,paretic,6,6,6,4,6,6
TVC28,stroke,non-paretic,7,7,7,7,7,5
TVC29,stroke,paretic,10,10,10,10,10,10
TVC29,stroke,non-paretic,8,8,8,8,8,8
TVC30,stroke,paretic,17,17,17,16,17,17
TVC30,stroke,non-paretic,16,16,16,14,16,16
TVC32,stroke,paretic,5,5,5,5,5,5
TVC32,stroke,non-paretic,5,5,5,5,5,5
TVC33,stroke,paretic,13,13,13,13,13,13
TVC33,stroke,non-paretic,12,12,12,12,12,12
TVC34,stroke,paretic,11,11,11,11,11,11
TVC34,stroke,non-paretic,12,12,12,12,12,12
TVC35,stroke,paretic,7,7,7,7,7,7
TVC35,stroke,non-paretic,8,8,8,8,8,8
TVC36,stroke,paretic,8,8,8,8,8,8
TVC36,stroke,non-paretic,8,8,8,8,8,8
TVC37,stroke,paretic,7,7,7,7,7,7
TVC37,stroke,non-paretic,10,10,10,10,10,10
TVC38,stroke,paretic,13,13,13,13,13,13
TVC38,stroke,non-paretic,13,13,13,13,13,13
TVC39,stroke,paretic,15,15,9,15,15,15
TVC39,stroke,non-paretic,15,15,15,15,15,15
TVC40,stroke,paretic,5,5,4,5,5,5
TVC40,stroke,non-paretic,5,5,5,5,5,5
TVC41,stroke,paretic,7,7,7,7,7,7
TVC41,stroke,non-paretic,6,6,6,6,6,6
TVC42,stroke,paretic,6,0,0,0,0,0
TVC42,stroke,non-paretic,6,6,6,6,6,6
TVC43,stroke,paretic,5,5,5,5,5,5
TVC43,stroke,non-paretic,6,6,6,6,6,6
TVC46,stroke,paretic,3,3,3,3,3,3
TVC46,stroke,non-paretic,4,4,4,4,4,4
TVC47,stroke,paretic,12,9,9,9,9,9
TVC47,stroke,non-paretic,12,7,7,7,7,4
TVC48,stroke,paretic,13,12,12,12,12,12
TVC48,stroke,non-paretic,13,12,12,12,12,12
TVC49,stroke,paretic,10,10,10,10,10,10
TVC49,stroke,non-paretic,10,10,10,10,10,10
TVC51,stroke,paretic,6,0,0,0,0,0
TVC51,stroke,non-paretic,5,0,0,0,0,0
TVC52,stroke,paretic,4,3,3,3,3,3
TVC52,stroke,non-paretic,4,4,4,4,4,4
TVC53,stroke,paretic,8,0,0,0,0,0
TVC53,stroke,non-paretic,9,0,0,0,0,0
TVC54,stroke,paretic,13,0,0,0,0,0
TVC54,stroke,non-paretic,13,0,0,0,0,0
TVC55,stroke,paretic,5,0,0,0,0,0
TVC55,stroke,non-paretic,6,0,0,0,0,0
TVC57,stroke,paretic,7,0,0,0,0,0
TVC57,stroke,non-paretic,6,0,0,0,0,0
TVC58,stroke,paretic,6,6,6,6,6,6
TVC58,stroke,non-paretic,7,7,7,7,7,7
TVC60,stroke,paretic,4,4,4,4,4,4
TVC60,stroke,non-paretic,4,4,4,4,4,4
SUBJ1,able-bodied,left,7,7,7,7,7,7
SUBJ1,able-bodied,right,6,6,6,6,6,6
SUBJ2,able-bodied,left,9,9,9,9,9,9
SUBJ2,able-bodied,right,10,10,10,10,10,10
SUBJ3,able-bodied,left,4,4,3,4,0,4
SUBJ3,able-bodied,right,7,7,6,7,7,7
SUBJ4,able-bodied,left,6,6,5,6,0,5
SUBJ4,able-bodied,right,7,7,4,7,7,7
SUBJ5,able-bodied,left,13,13,13,13,13,13
SUBJ5,able-bodied,right,12,12,12,12,12,12
SUBJ6,able-bodied,left,8,8,8,8,8,8
SUBJ6,able-bodied,right,7,7,7,7,7,7
SUBJ7,able-bodied,left,5,5,5,5,5,5
SUBJ7,able-bodied,right,7,7,7,7,7,7
SUBJ8,able-bodied,left,9,9,9,9,9,9
SUBJ8,able-bodied,right,8,8,8,8,8,8
SUBJ9,able-bodied,left,6,6,6,0,6,6
SUBJ9,able-bodied,right,8,8,8,8,8,8
SUBJ10,able-bodied,left,7,7,7,7,7,7
SUBJ10,able-bodied,right,6,6,6,6,6,6
SUBJ11,able-bodied,left,10,10,0,10,10,10
SUBJ11,able-bodied,right,9,9,9,9,9,9
SUBJ12,able-bodied,left,5,5,0,5,0,5
SUBJ12,able-bodied,right,5,5,0,5,5,5
SUBJ13,able-bodied,left,10,10,10,10,10,10
SUBJ13,able-bodied,right,10,10,10,10,10,10
SUBJ14,able-bodied,left,4,4,4,4,4,4
SUBJ14,able-bodied,right,5,5,5,5,5,5
SUBJ15,able-bodied,left,7,5,5,5,0,5
SUBJ15,able-bodied,right,8,8,0,8,8,8
SUBJ16,able-bodied,left,4,4,3,3,4,3
SUBJ16,able-bodied,right,6,5,5,5,5,5
SUBJ17,able-bodied,left,6,6,6,6,6,4
SUBJ17,able-bodied,right,7,7,7,7,7,7
SUBJ18,able-bodied,left,7,4,4,4,4,4
SUBJ18,able-bodied,right,5,3,1,3,3,3
SUBJ19,able-bodied,left,6,6,5,6,0,6
SUBJ19,able-bodied,right,7,7,7,7,7,7
SUBJ20,able-bodied,left,6,6,6,6,6,6
SUBJ20,able-bodied,right,8,8,8,8,8,8
SUBJ21,able-bodied,left,9,0,0,0,0,0
SUBJ21,able-bodied,right,9,0,0,0,0,0
SUBJ22,able-bodied,left,9,9,9,9,9,9
SUBJ22,able-bodied,right,9,6,9,9,9,9
SUBJ23,able-bodied,left,5,0,0,0,0,0
SUBJ23,able-bodied,right,6,0,0,0,0,0
SUBJ24,able-bodied,left,8,8,8,8,8,8
SUBJ24,able-bodied,right,9,6,9,9,9,9
SUBJ25,able-bodied,left,7,6,5,6,0,6
SUBJ25,able-bodied,right,7,7,7,7,7,7
SUBJ26,able-bodied,left,8,8,8,0,8,8
SUBJ26,able-bodied,right,9,9,9,9,9,9
SUBJ27,able-bodied,left,9,0,9,9,9,9
SUBJ27,able-bodied,right,9,9,9,9,9,9
SUBJ28,able-bodied,left,8,8,8,8,8,8
SUBJ28,able-bodied,right,9,9,9,9,9,9
SUBJ29,able-bodied,left,4,0,2,3,0,3
SUBJ29,able-bodied,right,6,6,6,6,6,6
SUBJ30,able-bodied,left,4,4,2,4,0,4
SUBJ30,able-bodied,right,6,6,6,6,6,6
SUBJ31,able-bodied,left,3,3,3,3,3,3
SUBJ31,able-bodied,right,5,5,0,5,5,5
SUBJ32,able-bodied,left,8,8,8,8,5,8
SUBJ32,able-bodied,right,10,10,10,10,7,10
SUBJ33,able-bodied,left,9,7,7,7,7,6
SUBJ33,able-bodied,right,8,6,6,6,6,6
SUBJ34,able-bodied,left,6,6,6,6,6,6
SUBJ34,able-bodied,right,6,6,6,6,6,6
SUBJ35,able-bodied,left,6,6,6,6,0,6
SUBJ35,able-bodied,right,6,6,6,6,6,6
SUBJ36,able-bodied,left,6,6,6,6,0,6
SUBJ36,able-bodied,right,8,8,8,8,8,8
SUBJ37,able-bodied,left,4,4,0,4,4,4
SUBJ37,able-bodied,right,5,5,0,5,0,5
SUBJ38,able-bodied,left,4,4,3,4,0,4
SUBJ38,able-bodied,right,5,4,4,4,4,4
SUBJ39,able-bodied,left,6,0,6,6,6,6
SUBJ39,able-bodied,right,8,8,8,8,8,8
SUBJ40,able-bodied,left,5,5,5,5,0,5
SUBJ40,able-bodied,right,8,8,8,8,8,8
SUBJ41,able-bodied,left,6,6,6,6,0,6
SUBJ41,able-bodied,right,4,4,4,4,4,4
SUBJ42,able-bodied,left,8,8,8,8,0,8
SUBJ42,able-bodied,right,7,7,7,7,7,7
SUBJ43,able-bodied,left,5,5,4,5,0,5
SUBJ43,able-bodied,right,4,0,0,0,0,0
SUBJ44,able-bodied,left,6,6,6,6,0,6
SUBJ44,able-bodied,right,8,8,8,8,8,8
SUBJ45,able-bodied,left,5,5,5,5,0,5
SUBJ45,able-bodied,right,5,4,4,4,4,4
SUBJ46,able-bodied,left,3,3,3,3,0,3
SUBJ46,able-bodied,right,3,3,3,3,3,3
SUBJ47,able-bodied,left,6,0,6,6,6,6
SUBJ47,able-bodied,right,6,6,6,6,6,6
SUBJ48,able-bodied,left,3,0,0,0,0,0
SUBJ48,able-bodied,right,5,0,0,0,0,0
SUBJ49,able-bodied,left,6,6,5,6,0,6
SUBJ49,able-bodied,right,5,5,5,5,5,5
SUBJ50,able-bodied,left,7,7,7,7,7,7
SUBJ50,able-bodied,right,9,9,0,9,9,9
SUBJ51,able-bodied,left,5,0,5,5,5,5
SUBJ51,able-bodied,right,3,3,3,3,3,3
SUBJ52,able-bodied,left,6,4,6,6,6,6
SUBJ52,able-bodied,right,5,3,5,5,5,5
SUBJ53,able-bodied,left,8,7,5,7,0,7
SUBJ53,able-bodied,right,6,6,6,6,6,6
SUBJ54,able-bodied,left,3,0,0,0,0,0
SUBJ54,able-bodied,right,4,0,0,0,0,0
SUBJ55,able-bodied,left,5,5,5,5,5,5
SUBJ55,able-bodied,right,5,5,5,5,5,5
SUBJ56,able-bodied,left,8,8,8,8,8,8
SUBJ56,able-bodied,right,8,8,0,8,8,8
SUBJ57,able-bodied,left,6,6,6,6,0,6
SUBJ57,able-bodied,right,5,5,5,5,5,5
SUBJ58,able-bodied,left,3,3,3,3,3,3
SUBJ58,able-bodied,right,4,4,4,4,4,4
SUBJ59,able-bodied,left,6,5,5,5,0,5
SUBJ59,able-bodied,right,6,6,5,6,6,6
SUBJ60,able-bodied,left,7,7,7,7,7,7
SUBJ60,able-bodied,right,6,5,5,5,5,5
SUBJ61,able-bodied,left,5,5,5,5,0,5
SUBJ61,able-bodied,right,5,5,5,5,5,5
SUBJ62,able-bodied,left,6,6,5,6,0,6
SUBJ62,able-bodied,right,6,6,6,6,6,6
SUBJ63,able-bodied,left,7,6,6,6,0,6
SUBJ63,able-bodied,right,6,6,6,6,6,6
SUBJ64,able-bodied,left,5,5,4,5,0,5
SUBJ64,able-bodied,right,4,4,4,4,4,4
SUBJ65,able-bodied,left,6,6,6,6,0,6
SUBJ65,able-bodied,right,5,5,5,5,5,5
SUBJ66,able-bodied,left,8,7,6,7,7,6
SUBJ66,able-bodied,right,7,6,5,6,0,5
SUBJ67,able-bodied,left,8,8,8,8,8,8
SUBJ67,able-bodied,right,9,9,9,9,9,9
SUBJ68,able-bodied,left,8,8,8,8,8,8
SUBJ68,able-bodied,right,8,8,8,8,8,8
SUBJ69,able-bodied,left,5,3,2,3,0,3
SUBJ69,able-bodied,right,7,6,4,6,6,6
SUBJ70,able-bodied,left,5,4,4,4,4,4
SUBJ70,able-bodied,right,8,6,6,6,6,6
SUBJ71,able-bodied,left,7,6,6,6,6,6
SUBJ71,able-bodied,right,7,7,7,7,7,7
SUBJ72,able-bodied,left,3,0,0,0,0,0
SUBJ72,able-bodied,right,6,0,0,0,0,0
SUBJ73,able-bodied,left,7,7,6,7,0,7
SUBJ73,able-bodied,right,8,8,8,8,8,8
SUBJ74,able-bodied,left,4,0,0,0,0,0
SUBJ74,able-bodied,right,7,0,0,0,0,0
SUBJ75,able-bodied,left,6,6,4,6,0,6
SUBJ75,able-bodied,right,7,7,7,7,7,7
SUBJ76,able-bodied,left,6,6,6,6,6,6
SUBJ76,able-bodied,right,6,6,6,6,6,6
SUBJ77,able-bodied,left,8,8,8,8,0,8
SUBJ77,able-bodied,right,6,6,6,6,6,6
SUBJ78,able-bodied,left,7,6,4,6,0,6
SUBJ78,able-bodied,right,6,6,6,6,6,6
SUBJ79,able-bodied,left,5,4,4,4,0,4
SUBJ79,able-bodied,right,7,6,4,6,6,5
SUBJ80,able-bodied,left,6,4,4,4,0,4
SUBJ80,able-bodied,right,3,3,3,3,3,3
SUBJ81,able-bodied,left,6,6,6,0,0,6
SUBJ81,able-bodied,right,9,9,9,0,0,9
SUBJ82,able-bodied,left,5,5,5,5,0,5
SUBJ82,able-bodied,right,3,3,3,3,3,3
SUBJ83,able-bodied,left,9,9,8,9,0,9
SUBJ83,able-bodied,right,6,6,6,6,6,6
SUBJ84,able-bodied,left,6,0,0,0,0,0
SUBJ84,able-bodied,right,8,0,0,0,0,0
SUBJ85,able-bodied,left,6,0,0,0,0,0
SUBJ85,able-bodied,right,8,0,0,0,0,0
SUBJ86,able-bodied,left,6,0,6,6,0,6
SUBJ86,able-bodied,right,6,6,6,6,6,6
SUBJ87,able-bodied,left,8,8,8,8,8,8
SUBJ87,able-bodied,right,8,8,8,8,8,8
SUBJ88,able-bodied,left,6,6,6,6,6,6
SUBJ88,able-bodied,right,8,8,8,8,8,8
SUBJ89,able-bodied,left,4,4,4,4,4,4
SUBJ89,able-bodied,right,5,5,0,5,5,5
SUBJ90,able-bodied,left,12,11,11,11,11,11
SUBJ90,able-bodied,right,13,12,12,12,12,12
SUBJ91,able-bodied,left,7,4,4,4,4,4
SUBJ91,able-bodied,right,7,4,4,4,4,4
SUBJ92,able-bodied,left,4,4,3,4,0,4
SUBJ92,able-bodied,right,5,5,5,5,5,5
SUBJ93,able-bodied,left,6,6,6,6,6,6
SUBJ93,able-bodied,right,7,7,7,7,7,7
SUBJ94,able-bodied,left,8,8,8,8,8,8
SUBJ94,able-bodied,right,8,8,0,8,8,8
SUBJ95,able-bodied,left,5,5,0,5,0,4
SUBJ95,able-bodied,right,6,0,0,6,6,6
SUBJ96,able-bodied,left,5,4,4,4,0,4
SUBJ96,able-bodied,right,4,4,4,4,4,4
SUBJ97,able-bodied,left,4,4,4,4,0,4
SUBJ97,able-bodied,right,4,4,4,4,4,4
SUBJ98,able-bodied,left,8,7,7,7,7,7
SUBJ98,able-bodied,right,7,7,7,7,7,7
SUBJ99,able-bodied,left,6,6,6,6,6,6
SUBJ99,able-bodied,right,6,6,6,6,6,6
SUBJ100,able-bodied,left,5,5,5,5,0,5
SUBJ100,able-bodied,right,6,6,6,6,6,6
SUBJ101,able-bodied,left,6,6,6,6,0,6
SUBJ101,able-bodied,right,5,5,5,5,5,5
SUBJ102,able-bodied,left,5,4,4,4,4,4
SUBJ102,able-bodied,right,4,3,3,3,3,3
SUBJ103,able-bodied,left,6,6,6,6,6,6
SUBJ103,able-bodied,right,6,6,6,6,6,6
SUBJ104,able-bodied,left,3,0,3,3,3,3
SUBJ104,able-bodied,right,5,5,5,5,5,5
SUBJ105,able-bodied,left,9,9,9,9,9,9
SUBJ105,able-bodied,right,9,9,0,9,9,9
SUBJ106,able-bodied,left,6,6,6,6,6,6
SUBJ106,able-bodied,right,6,6,6,6,6,6
SUBJ107,able-bodied,left,8,8,6,8,0,8
SUBJ107,able-bodied,right,6,5,5,5,5,5
SUBJ108,able-bodied,left,4,3,3,3,0,3
SUBJ108,able-bodied,right,5,5,4,5,5,5
SUBJ109,able-bodied,left,6,6,6,6,6,6
SUBJ109,able-bodied,right,6,6,0,6,6,6
SUBJ110,able-bodied,left,5,5,3,5,5,5
SUBJ110,able-bodied,right,6,6,0,6,6,6
SUBJ111,able-bodied,left,5,5,5,5,0,5
SUBJ111,able-bodied,right,4,4,4,4,4,4
SUBJ112,able-bodied,left,4,4,4,4,4,4
SUBJ112,able-bodied,right,6,6,6,6,6,6
SUBJ113,able-bodied,left,4,4,2,4,0,4
SUBJ113,able-bodied,right,4,4,4,4,4,4
SUBJ114,able-bodied,left,3,3,3,3,0,3
SUBJ114,able-bodied,right,6,6,6,6,6,6
SUBJ115,able-bodied,left,6,0,5,6,0,6
SUBJ115,able-bodied,right,6,6,4,6,6,6
SUBJ116,able-bodied,left,8,8,7,7,8,8
SUBJ116,able-bodied,right,8,8,0,8,8,8
SUBJ117,able-bodied,left,5,5,5,5,5,5
SUBJ117,able-bodied,right,6,6,0,6,6,6
SUBJ118,able-bodied,left,5,0,0,0,0,0
SUBJ118,able-bodied,right,6,0,0,0,0,0
SUBJ119,able-bodied,left,3,0,0,0,0,0
SUBJ119,able-bodied,right,3,0,0,0,0,0
SUBJ120,able-bodied,left,3,0,0,0,0,0
SUBJ120,able-bodied,right,3,0,0,0,0,0
SUBJ121,able-bodied,left,7,0,0,0,0,0
SUBJ121,able-bodied,right,8,0,0,0,0,0
SUBJ122,able-bodied,left,2,0,0,0,0,0
SUBJ122,able-bodied,right,3,0,0,0,0,0
SUBJ123,able-bodied,left,4,0,0,0,0,0
SUBJ123,able-bodied,right,5,0,0,0,0,0
SUBJ124,able-bodied,left,4,0,0,0,0,0
SUBJ124,able-bodied,right,6,0,0,0,0,0
SUBJ125,able-bodied,left,5,0,0,0,0,0
SUBJ125,able-bodied,right,6,0,0,0,0,0
SUBJ126,able-bodied,left,7,0,0,0,0,0
SUBJ126,able-bodied,right,6,0,0,0,0,0
SUBJ127,able-bodied,left,3,0,0,0,0,0
SUBJ127,able-bodied,right,4,0,0,0,0,0
SUBJ128,able-bodied,left,3,0,0,0,0,0
SUBJ128,able-bodied,right,3,0,0,0,0,0
SUBJ129,able-bodied,left,4,0,0,0,0,0
SUBJ129,able-bodied,right,5,0,0,0,0,0
SUBJ130,able-bodied,left,11,0,0,0,0,0
SUBJ130,able-bodied,right,9,0,0,0,0,0
SUBJ131,able-bodied,left,4,0,0,0,0,0
SUBJ131,able-bodied,right,3,0,0,0,0,0
SUBJ132,able-bodied,left,4,0,0,0,0,0
SUBJ132,able-bodied,right,4,0,0,0,0,0
SUBJ133,able-bodied,left,5,0,0,0,0,0
SUBJ133,able-bodied,right,7,0,0,0,0,0
SUBJ134,able-bodied,left,4,0,0,0,0,0
SUBJ134,able-bodied,right,6,0,0,0,0,0
SUBJ135,able-bodied,left,7,0,0,0,0,0
SUBJ135,able-bodied,right,7,0,0,0,0,0
SUBJ136,able-bodied,left,4,0,0,0,0,0
SUBJ136,able-bodied,right,3,0,0,0,0,0
SUBJ137,able-bodied,left,4,0,0,0,0,0
SUBJ137,able-bodied,right,5,0,0,0,0,0
SUBJ138,able-bodied,left,5,0,0,0,0,0
SUBJ138,able-bodied,right,5,0,0,0,0,0
