id,group,mat_index,age,sex,height_mm,leg_mm,mass_kg,days_post_stroke,paretic_side,FAC,POMA,TIS,strides_paretic,emg_all5_paretic,emg_any_paretic,strides_non-paretic,emg_all5_non-paretic,emg_any_non-paretic,speed_mps,strides_left,emg_all5_left,emg_any_left,strides_right,emg_all5_right,emg_any_right,stroke_type,speed_table5_mps,speed_source,hand_held
TVC03,stroke,1,58.0,M,1710.0,870.0,67.0,114.0,R,3.0,23.0,16.0,9.0,True,True,8.0,True,True,0.2537,,,,,,,I,0.253,MAT,False
TVC04,stroke,2,77.0,F,1585.0,880.0,68.0,37.0,L,4.0,27.0,19.0,9.0,True,True,9.0,True,True,0.9104,,,,,,,I,0.9064,MAT,False
TVC05,stroke,3,47.0,F,1600.0,840.0,65.0,104.0,L,2.0,14.0,13.0,15.0,True,True,15.0,True,True,0.1117,,,,,,,I,0.1116,MAT,False
TVC06,stroke,4,49.0,M,1755.0,950.0,106.0,57.0,L,3.0,21.0,18.0,6.0,True,True,7.0,True,True,0.6577,,,,,,,H,0.6516,MAT,False
TVC08,stroke,5,71.0,M,1740.0,880.0,88.0,64.0,L,3.0,15.0,17.0,12.0,True,True,14.0,True,True,0.137,,,,,,,I,0.1385,MAT,False
TVC09,stroke,6,81.0,M,1665.0,940.0,78.0,139.0,L,4.0,26.0,14.0,7.0,True,True,7.0,True,True,0.8688,,,,,,,H,0.8615,MAT,False
TVC10,stroke,7,67.0,F,1500.0,810.0,52.0,64.0,L,2.0,21.0,12.0,9.0,True,True,10.0,True,True,0.3666,,,,,,,I,0.364,MAT,False
TVC11,stroke,8,55.0,F,1800.0,960.0,60.0,14.0,L,3.0,21.0,18.0,6.0,False,False,6.0,False,False,0.4918,,,,,,,I,0.4884,MAT,False
TVC12,stroke,9,71.0,M,1650.0,880.0,77.0,62.0,R,3.0,19.0,13.0,6.0,True,True,4.0,True,True,0.6236,,,,,,,H,0.6178,MAT,False
TVC13,stroke,10,77.0,M,1800.0,910.0,83.0,32.0,L,2.0,18.0,14.0,9.0,True,True,9.0,True,True,0.2365,,,,,,,I,0.235,MAT,False
TVC14,stroke,11,73.0,M,1785.0,970.0,82.0,59.0,L,2.0,12.0,13.0,10.0,True,True,10.0,True,True,0.2444,,,,,,,I,0.2434,MAT,False
TVC15,stroke,12,72.0,M,1700.0,900.0,80.0,18.0,R,5.0,26.0,16.0,3.0,True,True,3.0,True,True,0.868,,,,,,,I,0.8658,MAT,False
TVC16,stroke,13,54.0,F,1610.0,860.0,58.0,21.0,L,2.0,11.0,10.0,9.0,True,True,10.0,True,True,0.3846,,,,,,,I,0.3846,MAT,False
TVC17,stroke,14,70.0,M,1690.0,900.0,80.0,45.0,R,3.0,20.0,17.0,7.0,True,True,6.0,True,True,0.62,,,,,,,I,0.6194,MAT,False
TVC19,stroke,15,60.0,M,1790.0,930.0,71.0,60.0,L,3.0,17.0,15.0,10.0,True,True,10.0,True,True,0.4155,,,,,,,I,0.4155,MAT,False
TVC20,stroke,16,44.0,M,1720.0,940.0,59.0,91.0,R,5.0,28.0,15.0,3.0,True,True,3.0,True,True,1.3615,,,,,,,I,1.3464,MAT,False
TVC21,stroke,17,50.0,F,1730.0,930.0,72.0,106.0,L,2.0,13.0,15.0,6.0,True,True,6.0,True,True,0.8954,,,,,,,I,0.8981,MAT,False
TVC22,stroke,18,58.0,F,1700.0,910.0,83.0,46.0,R,3.0,19.0,16.0,10.0,True,True,10.0,True,True,0.3407,,,,,,,I,0.3402,MAT,False
TVC23,stroke,19,39.0,F,1670.0,840.0,70.0,60.0,L,3.0,16.0,17.0,10.0,True,True,11.0,True,True,0.2602,,,,,,,H,0.2585,MAT,False
TVC24,stroke,20,77.0,M,1690.0,850.0,83.0,63.0,L,3.0,21.0,15.0,8.0,True,True,8.0,True,True,0.1786,,,,,,,I,0.1769,MAT,False
TVC25,stroke,21,84.0,F,1580.0,820.0,84.0,31.0,R,4.0,24.0,9.0,9.0,True,True,8.0,True,True,0.3458,,,,,,,I,0.3478,MAT,False
TVC26,stroke,22,68.0,F,1650.0,880.0,64.0,61.0,R,3.0,15.0,12.0,9.0,True,True,7.0,True,True,0.4442,,,,,,,H,0.4474,MAT,False
TVC27,stroke,23,69.0,M,1700.0,890.0,69.0,39.0,R,3.0,21.0,14.0,6.0,True,True,6.0,True,True,0.6544,,,,,,,I,0.6474,MAT,False
TVC28,stroke,24,62.0,M,1800.0,920.0,95.0,26.0,L,2.0,17.0,8.0,6.0,True,True,7.0,True,True,0.3329,,,,,,,I,0.3338,MAT,False
TVC29,stroke,25,72.0,F,1700.0,820.0,58.0,31.0,R,2.0,7.0,12.0,10.0,True,True,8.0,True,True,0.1119,,,,,,,I,0.1126,MAT,False
TVC30,stroke,26,72.0,M,1680.0,810.0,99.0,20.0,R,3.0,18.0,8.0,17.0,True,True,16.0,True,True,0.3272,,,,,,,I,0.3306,MAT,False
TVC32,stroke,27,52.0,M,1790.0,940.0,80.0,25.0,L,3.0,20.0,14.0,5.0,True,True,5.0,True,True,0.7586,,,,,,,I,0.7558,MAT,False
TVC33,stroke,28,63.0,M,1890.0,960.0,85.0,21.0,R,2.0,14.0,15.0,13.0,True,True,12.0,True,True,0.2067,,,,,,,I,0.2075,MAT,False
TVC34,stroke,29,80.0,M,1670.0,880.0,76.0,41.0,L,3.0,23.0,15.0,11.0,True,True,12.0,True,True,0.5668,,,,,,,I,0.5662,MAT,False
TVC35,stroke,30,72.0,M,1670.0,810.0,54.0,24.0,L,2.0,12.0,13.0,7.0,True,True,8.0,True,True,0.4365,,,,,,,I,0.4322,MAT,False
TVC36,stroke,31,41.0,M,1660.0,840.0,65.0,50.0,L,2.0,10.0,9.0,8.0,True,True,8.0,True,True,0.3229,,,,,,,H,0.3226,MAT,False
TVC37,stroke,32,72.0,M,1720.0,880.0,53.0,45.0,L,3.0,21.0,12.0,7.0,True,True,10.0,True,True,0.5143,,,,,,,I,0.5158,MAT,False
TVC38,stroke,33,72.0,M,1730.0,890.0,61.0,65.0,L,2.0,8.0,11.0,13.0,True,True,13.0,True,True,0.22,,,,,,,I,0.2253,MAT,False
TVC39,stroke,34,65.0,M,1790.0,900.0,86.0,42.0,R,2.0,13.0,7.0,15.0,True,True,15.0,True,True,0.2198,,,,,,,I,0.2206,MAT,False
TVC40,stroke,35,19.0,M,1810.0,940.0,67.0,106.0,R,4.0,23.0,17.0,5.0,True,True,5.0,True,True,0.6899,,,,,,,H,0.687,MAT,False
TVC41,stroke,36,53.0,F,1530.0,790.0,50.0,90.0,R,3.0,8.0,10.0,7.0,True,True,6.0,True,True,0.2245,,,,,,,I,0.228,MAT,False
TVC42,stroke,37,75.0,M,1720.0,870.0,54.0,48.0,L,2.0,13.0,9.0,6.0,False,False,6.0,True,True,0.4262,,,,,,,I,0.4286,MAT,False
TVC43,stroke,38,84.0,M,1710.0,900.0,80.0,38.0,L,4.0,27.0,13.0,5.0,True,True,6.0,True,True,0.8085,,,,,,,I,0.8049,MAT,False
TVC46,stroke,39,52.0,M,1830.0,930.0,68.0,31.0,L,5.0,28.0,14.0,3.0,True,True,4.0,True,True,1.1134,,,,,,,I,1.1189,MAT,False
TVC47,stroke,40,81.0,F,1630.0,810.0,62.0,36.0,R,4.0,28.0,19.0,12.0,True,True,12.0,True,True,0.2374,,,,,,,I,0.2392,MAT,False
TVC48,stroke,41,75.0,M,1690.0,824.0,51.0,50.0,L,2.0,6.0,13.0,13.0,True,True,13.0,True,True,0.1858,,,,,,,I,0.1896,MAT,True
TVC49,stroke,42,73.0,M,1700.0,870.0,70.0,36.0,L,3.0,15.0,9.0,10.0,True,True,10.0,True,True,0.2517,,,,,,,I,0.2532,MAT,False
TVC51,stroke,43,46.0,M,1640.0,840.0,81.0,104.0,L,3.0,22.0,14.0,6.0,False,False,5.0,False,False,0.2221,,,,,,,I,0.2246,MAT,True
TVC52,stroke,44,62.0,M,1650.0,870.0,73.0,42.0,L,5.0,28.0,18.0,4.0,True,True,4.0,True,True,1.1608,,,,,,,I,1.1656,MAT,False
TVC53,stroke,45,76.0,M,1800.0,945.0,63.0,53.0,L,3.0,21.0,12.0,8.0,False,False,9.0,False,False,0.7021,,,,,,,H,0.7048,MAT,False
TVC54,stroke,46,85.0,M,1800.0,860.0,65.0,32.0,L,2.0,12.0,10.0,13.0,False,False,13.0,False,False,0.3232,,,,,,,I,0.3246,MAT,True
TVC55,stroke,47,75.0,F,1730.0,850.0,70.0,67.0,L,2.0,20.0,14.0,5.0,False,False,6.0,False,False,0.5378,,,,,,,I,0.5343,MAT,False
TVC57,stroke,48,55.0,M,1800.0,900.0,104.0,26.0,R,4.0,24.0,20.0,7.0,False,False,6.0,False,False,0.3317,,,,,,,H,0.3355,MAT,False
TVC58,stroke,49,59.0,F,1640.0,840.0,76.0,41.0,L,2.0,25.0,14.0,6.0,True,True,7.0,True,True,0.8009,,,,,,,H,0.7982,MAT,False
TVC60,stroke,50,46.0,F,1630.0,850.0,55.0,86.0,R,4.0,26.0,18.0,4.0,True,True,4.0,True,True,0.8242,,,,,,,H,0.8254,MAT,False
SUBJ1,able-bodied,1,86.0,M,1580.0,850.0,63.6,,,,,,,,,,,,1.0566,7.0,True,True,6.0,True,True,,1.0608,MAT,False
SUBJ2,able-bodied,2,85.0,F,1500.0,840.0,77.9,,,,,,,,,,,,0.9105,9.0,True,True,10.0,True,True,,0.908,MAT,False
SUBJ3,able-bodied,3,85.0,F,1510.0,880.0,68.9,,,,,,,,,,,,0.8719,4.0,False,True,7.0,True,True,,0.8798,MAT,False
SUBJ4,able-bodied,4,84.0,M,1625.0,950.0,69.6,,,,,,,,,,,,1.0762,6.0,False,True,7.0,True,True,,1.0861,MAT,False
SUBJ5,able-bodied,5,84.0,F,1450.0,810.0,50.1,,,,,,,,,,,,0.8008,13.0,True,True,12.0,True,True,,0.8028,MAT,False
SUBJ6,able-bodied,6,83.0,M,1695.0,970.0,79.6,,,,,,,,,,,,1.293,8.0,True,True,7.0,True,True,,1.2988,MAT,False
SUBJ7,able-bodied,7,82.0,F,1555.0,840.0,62.4,,,,,,,,,,,,1.1591,5.0,True,True,7.0,True,True,,1.1609,MAT,False
SUBJ8,able-bodied,8,82.0,F,1600.0,820.0,72.4,,,,,,,,,,,,1.1557,9.0,True,True,8.0,True,True,,1.1566,MAT,False
SUBJ9,able-bodied,9,82.0,M,1710.0,920.0,87.3,,,,,,,,,,,,1.0923,6.0,False,True,8.0,True,True,,1.0968,MAT,False
SUBJ10,able-bodied,10,81.0,M,1620.0,870.0,72.6,,,,,,,,,,,,1.0643,7.0,True,True,6.0,True,True,,1.069,MAT,False
SUBJ11,able-bodied,11,81.0,M,1700.0,910.0,75.7,,,,,,,,,,,,1.1314,10.0,False,True,9.0,True,True,,1.1374,MAT,False
SUBJ12,able-bodied,12,80.0,M,1890.0,1070.0,100.9,,,,,,,,,,,,1.1285,5.0,False,True,5.0,False,True,,1.1402,MAT,False
SUBJ13,able-bodied,13,80.0,F,1540.0,870.0,70.0,,,,,,,,,,,,1.0565,10.0,True,True,10.0,True,True,,1.0528,MAT,False
SUBJ14,able-bodied,14,80.0,M,1755.0,920.0,87.1,,,,,,,,,,,,1.1558,4.0,True,True,5.0,True,True,,1.1589,MAT,False
SUBJ15,able-bodied,15,79.0,F,1610.0,860.0,74.1,,,,,,,,,,,,1.0314,7.0,False,True,8.0,False,True,,1.0346,MAT,False
SUBJ16,able-bodied,16,77.0,M,1750.0,950.0,86.4,,,,,,,,,,,,1.1568,4.0,True,True,6.0,True,True,,1.1692,MAT,False
SUBJ17,able-bodied,17,77.0,M,1770.0,940.0,89.8,,,,,,,,,,,,1.1037,6.0,True,True,7.0,True,True,,1.1123,MAT,False
SUBJ18,able-bodied,18,77.0,M,1830.0,1030.0,87.9,,,,,,,,,,,,1.1324,7.0,True,True,5.0,True,True,,1.1318,MAT,False
SUBJ19,able-bodied,19,76.0,M,1750.0,970.0,79.2,,,,,,,,,,,,1.0197,6.0,False,True,7.0,True,True,,1.0198,MAT,False
SUBJ20,able-bodied,20,75.0,F,1420.0,660.0,77.97,,,,,,,,,,,,0.9669,6.0,True,True,8.0,True,True,,0.9597,MAT,False
SUBJ21,able-bodied,21,75.0,M,1665.0,880.0,88.5,,,,,,,,,,,,1.0657,9.0,False,False,9.0,False,False,,1.0699,MAT,False
SUBJ22,able-bodied,22,74.0,F,1585.0,850.0,72.1,,,,,,,,,,,,0.98,9.0,True,True,9.0,True,True,,0.9784,MAT,False
SUBJ23,able-bodied,23,74.0,F,1545.0,810.0,83.0,,,,,,,,,,,,1.0103,5.0,False,False,6.0,False,False,,1.0118,MAT,False
SUBJ24,able-bodied,24,73.0,F,1605.0,860.0,64.0,,,,,,,,,,,,1.1875,8.0,True,True,9.0,True,True,,1.18,MAT,False
SUBJ25,able-bodied,25,73.0,F,1595.0,870.0,61.0,,,,,,,,,,,,1.1435,7.0,False,True,7.0,True,True,,1.142,MAT,False
SUBJ26,able-bodied,26,72.0,F,1605.0,860.0,69.1,,,,,,,,,,,,1.2947,8.0,False,True,9.0,True,True,,1.2954,MAT,False
SUBJ27,able-bodied,27,72.0,F,1560.0,880.0,74.9,,,,,,,,,,,,0.8224,9.0,False,True,9.0,True,True,,0.8243,MAT,False
SUBJ28,able-bodied,28,72.0,F,1585.0,870.0,61.3,,,,,,,,,,,,1.0988,8.0,True,True,9.0,True,True,,1.096,MAT,False
SUBJ29,able-bodied,29,71.0,M,1610.0,830.0,64.8,,,,,,,,,,,,1.2103,4.0,False,True,6.0,True,True,,1.2192,MAT,False
SUBJ30,able-bodied,30,71.0,M,1725.0,950.0,82.7,,,,,,,,,,,,1.4023,4.0,False,True,6.0,True,True,,1.4158,MAT,False
SUBJ31,able-bodied,31,70.0,M,1795.0,995.0,82.2,,,,,,,,,,,,1.3923,3.0,True,True,5.0,False,True,,1.3907,MAT,False
SUBJ32,able-bodied,32,69.0,M,1655.0,890.0,76.4,,,,,,,,,,,,1.0693,8.0,True,True,10.0,True,True,,1.0645,MAT,False
SUBJ33,able-bodied,33,67.0,M,1830.0,970.0,91.8,,,,,,,,,,,,1.4292,9.0,True,True,8.0,True,True,,1.4326,MAT,False
SUBJ34,able-bodied,34,67.0,M,1690.0,930.0,73.8,,,,,,,,,,,,1.1985,6.0,True,True,6.0,True,True,,1.1926,MAT,False
SUBJ35,able-bodied,35,66.0,F,1615.0,860.0,54.5,,,,,,,,,,,,1.3193,6.0,False,True,6.0,True,True,,1.3243,MAT,False
SUBJ36,able-bodied,36,66.0,F,1635.0,870.0,56.9,,,,,,,,,,,,1.1375,6.0,False,True,8.0,True,True,,1.1389,MAT,False
SUBJ37,able-bodied,37,65.0,F,1645.0,890.0,68.6,,,,,,,,,,,,1.2611,4.0,False,True,5.0,False,True,,1.2567,MAT,False
SUBJ38,able-bodied,38,65.0,M,1750.0,930.0,95.3,,,,,,,,,,,,1.1978,4.0,False,True,5.0,True,True,,1.1967,MAT,False
SUBJ39,able-bodied,39,64.0,F,1580.0,900.0,75.3,,,,,,,,,,,,1.0462,6.0,False,True,8.0,True,True,,1.0468,MAT,False
SUBJ40,able-bodied,40,64.0,F,1550.0,840.0,82.3,,,,,,,,,,,,1.1779,5.0,False,True,8.0,True,True,,1.1833,MAT,False
SUBJ41,able-bodied,41,62.0,M,1770.0,960.0,95.0,,,,,,,,,,,,1.2623,6.0,False,True,4.0,True,True,,1.2677,MAT,False
SUBJ42,able-bodied,42,62.0,F,1565.0,860.0,80.4,,,,,,,,,,,,0.9739,8.0,False,True,7.0,True,True,,0.9722,MAT,False
SUBJ43,able-bodied,43,61.0,F,1615.0,880.0,79.3,,,,,,,,,,,,1.4322,5.0,False,True,4.0,False,False,,1.4247,MAT,False
SUBJ44,able-bodied,44,60.0,F,1580.0,860.0,65.5,,,,,,,,,,,,1.1352,6.0,False,True,8.0,True,True,,1.1412,MAT,False
SUBJ45,able-bodied,45,60.0,M,1710.0,960.0,68.5,,,,,,,,,,,,1.4004,5.0,False,True,5.0,True,True,,1.2958,MAT,False
SUBJ46,able-bodied,46,60.0,M,1740.0,880.0,58.9,,,,,,,,,,,,1.2765,3.0,False,True,3.0,True,True,,1.2806,MAT,False
SUBJ47,able-bodied,47,60.0,F,1645.0,910.0,85.2,,,,,,,,,,,,1.1739,6.0,False,True,6.0,True,True,,1.1728,MAT,False
SUBJ48,able-bodied,48,59.0,F,1515.0,800.0,61.6,,,,,,,,,,,,1.1071,3.0,False,False,5.0,False,False,,1.1006,MAT,False
SUBJ49,able-bodied,49,59.0,F,1660.0,870.0,64.4,,,,,,,,,,,,1.0988,6.0,False,True,5.0,True,True,,1.0964,MAT,False
SUBJ50,able-bodied,50,58.0,M,1715.0,920.0,78.5,,,,,,,,,,,,0.9942,7.0,True,True,9.0,False,True,,0.995,MAT,False
SUBJ51,able-bodied,51,58.0,M,1835.0,990.0,96.5,,,,,,,,,,,,1.4317,5.0,False,True,3.0,True,True,,1.4217,MAT,False
SUBJ52,able-bodied,52,57.0,F,1640.0,870.0,58.3,,,,,,,,,,,,1.0318,6.0,True,True,5.0,True,True,,1.0371,MAT,False
SUBJ53,able-bodied,53,57.0,F,1580.0,870.0,61.9,,,,,,,,,,,,1.5489,8.0,False,True,6.0,True,True,,1.543,MAT,False
SUBJ54,able-bodied,54,55.0,F,1635.0,820.0,58.2,,,,,,,,,,,,1.5267,3.0,False,False,4.0,False,False,,1.4844,MAT,False
SUBJ55,able-bodied,55,55.0,M,1685.0,880.0,66.8,,,,,,,,,,,,1.046,5.0,True,True,5.0,True,True,,1.0461,MAT,False
SUBJ56,able-bodied,56,55.0,M,1795.0,930.0,66.3,,,,,,,,,,,,1.4671,8.0,True,True,8.0,False,True,,1.4699,MAT,False
SUBJ57,able-bodied,57,54.0,F,1675.0,860.0,57.3,,,,,,,,,,,,1.2682,6.0,False,True,5.0,True,True,,1.267,MAT,False
SUBJ58,able-bodied,58,53.0,M,1780.0,940.0,89.8,,,,,,,,,,,,1.4626,3.0,True,True,4.0,True,True,,1.4637,MAT,False
SUBJ59,able-bodied,59,53.0,M,1770.0,960.0,89.0,,,,,,,,,,,,1.0685,6.0,False,True,6.0,True,True,,1.0692,MAT,False
SUBJ60,able-bodied,60,53.0,M,1765.0,900.0,68.5,,,,,,,,,,,,1.5497,7.0,True,True,6.0,True,True,,1.5748,MAT,False
SUBJ61,able-bodied,61,53.0,F,1655.0,880.0,72.0,,,,,,,,,,,,1.0958,5.0,False,True,5.0,True,True,,1.0987,MAT,False
SUBJ62,able-bodied,62,52.0,F,1580.0,830.0,53.3,,,,,,,,,,,,1.0887,6.0,False,True,6.0,True,True,,1.0943,MAT,False
SUBJ63,able-bodied,63,52.0,F,1560.0,840.0,62.0,,,,,,,,,,,,1.4997,7.0,False,True,6.0,True,True,,1.5134,MAT,False
SUBJ64,able-bodied,64,51.0,F,1630.0,840.0,56.8,,,,,,,,,,,,1.3777,5.0,False,True,4.0,True,True,,1.375,MAT,False
SUBJ65,able-bodied,65,50.0,F,1685.0,890.0,50.7,,,,,,,,,,,,1.2148,6.0,False,True,5.0,True,True,,1.2246,MAT,False
SUBJ66,able-bodied,66,50.0,M,1885.0,1050.0,80.1,,,,,,,,,,,,1.0603,8.0,True,True,7.0,False,True,,1.0554,MAT,False
SUBJ67,able-bodied,67,49.0,M,1670.0,860.0,80.8,,,,,,,,,,,,1.1211,8.0,True,True,9.0,True,True,,1.1266,MAT,False
SUBJ68,able-bodied,68,49.0,F,1680.0,900.0,69.2,,,,,,,,,,,,1.5884,8.0,True,True,8.0,True,True,,1.5886,MAT,False
SUBJ69,able-bodied,69,49.0,M,1815.0,950.0,80.1,,,,,,,,,,,,1.3299,5.0,False,True,7.0,True,True,,1.3322,MAT,False
SUBJ70,able-bodied,70,48.0,F,1600.0,860.0,66.9,,,,,,,,,,,,1.1711,5.0,True,True,8.0,True,True,,1.1723,MAT,False
SUBJ71,able-bodied,71,48.0,M,1780.0,960.0,96.5,,,,,,,,,,,,1.3402,7.0,True,True,7.0,True,True,,1.3453,MAT,False
SUBJ72,able-bodied,72,48.0,M,1880.0,990.0,79.6,,,,,,,,,,,,1.2609,3.0,False,False,6.0,False,False,,1.2658,MAT,False
SUBJ73,able-bodied,73,46.0,F,1525.0,800.0,47.5,,,,,,,,,,,,1.1588,7.0,False,True,8.0,True,True,,1.1618,MAT,False
SUBJ74,able-bodied,74,45.0,M,1750.0,930.0,76.6,,,,,,,,,,,,1.2,4.0,False,False,7.0,False,False,,1.1988,MAT,False
SUBJ75,able-bodied,75,45.0,F,1915.0,830.0,70.4,,,,,,,,,,,,1.0631,6.0,False,True,7.0,True,True,,1.0618,MAT,False
SUBJ76,able-bodied,76,44.0,F,1475.0,760.0,55.1,,,,,,,,,,,,1.192,6.0,True,True,6.0,True,True,,1.1894,MAT,False
SUBJ77,able-bodied,77,44.0,F,1585.0,850.0,69.9,,,,,,,,,,,,1.179,8.0,False,True,6.0,True,True,,1.1806,MAT,False
SUBJ78,able-bodied,78,44.0,M,1675.0,910.0,79.1,,,,,,,,,,,,1.1474,7.0,False,True,6.0,True,True,,1.1513,MAT,False
SUBJ79,able-bodied,79,44.0,F,1655.0,880.0,80.6,,,,,,,,,,,,1.1152,5.0,False,True,7.0,True,True,,1.1137,MAT,False
SUBJ80,able-bodied,80,44.0,M,1775.0,950.0,99.6,,,,,,,,,,,,1.5843,6.0,False,True,3.0,True,True,,1.5896,MAT,False
SUBJ81,able-bodied,81,44.0,F,1750.0,930.0,93.7,,,,,,,,,,,,1.1495,6.0,False,True,9.0,False,True,,1.147,MAT,False
SUBJ82,able-bodied,82,43.0,M,1755.0,950.0,74.0,,,,,,,,,,,,1.5225,5.0,False,True,3.0,True,True,,1.533,MAT,False
SUBJ83,able-bodied,83,42.0,F,1535.0,780.0,49.6,,,,,,,,,,,,1.3262,9.0,False,True,6.0,True,True,,1.3234,MAT,False
SUBJ84,able-bodied,84,41.0,F,1535.0,800.0,58.1,,,,,,,,,,,,1.1347,6.0,False,False,8.0,False,False,,1.1358,MAT,False
SUBJ85,able-bodied,85,40.0,F,1720.0,880.0,108.6,,,,,,,,,,,,1.1817,6.0,False,False,8.0,False,False,,1.1878,MAT,False
SUBJ86,able-bodied,86,39.0,F,1665.0,900.0,72.8,,,,,,,,,,,,1.399,6.0,False,True,6.0,True,True,,1.4058,MAT,False
SUBJ87,able-bodied,87,37.0,M,1920.0,1020.0,102.5,,,,,,,,,,,,1.2006,8.0,True,True,8.0,True,True,,1.213,MAT,False
SUBJ88,able-bodied,88,36.0,M,1830.0,950.0,157.1,,,,,,,,,,,,1.2005,6.0,True,True,8.0,True,True,,1.1996,MAT,False
SUBJ89,able-bodied,89,36.0,M,1735.0,950.0,65.4,,,,,,,,,,,,1.4381,4.0,True,True,5.0,False,True,,1.4383,MAT,False
SUBJ90,able-bodied,90,36.0,M,1765.0,970.0,75.8,,,,,,,,,,,,1.0358,12.0,True,True,13.0,True,True,,1.0346,MAT,False
SUBJ91,able-bodied,91,34.0,F,1700.0,940.0,62.0,,,,,,,,,,,,1.3623,7.0,True,True,7.0,True,True,,1.364,MAT,False
SUBJ92,able-bodied,92,34.0,M,1820.0,980.0,77.6,,,,,,,,,,,,1.1891,4.0,False,True,5.0,True,True,,1.1873,MAT,False
SUBJ93,able-bodied,93,34.0,F,1715.0,900.0,60.2,,,,,,,,,,,,1.1678,6.0,True,True,7.0,True,True,,1.1658,MAT,False
SUBJ94,able-bodied,94,33.0,F,1575.0,830.0,59.2,,,,,,,,,,,,1.1605,8.0,True,True,8.0,False,True,,1.1648,MAT,False
SUBJ95,able-bodied,95,33.0,F,1605.0,890.0,69.8,,,,,,,,,,,,1.2765,5.0,False,True,6.0,False,True,,1.2696,MAT,False
SUBJ96,able-bodied,96,33.0,M,1795.0,920.0,83.8,,,,,,,,,,,,1.2171,5.0,False,True,4.0,True,True,,1.2124,MAT,False
SUBJ97,able-bodied,97,33.0,M,1910.0,998.0,96.4,,,,,,,,,,,,1.3451,4.0,False,True,4.0,True,True,,1.338,MAT,False
SUBJ98,able-bodied,98,32.0,F,1775.0,950.0,67.9,,,,,,,,,,,,1.175,8.0,True,True,7.0,True,True,,1.1598,MAT,False
SUBJ99,able-bodied,99,32.0,M,1780.0,900.0,77.4,,,,,,,,,,,,1.3073,6.0,True,True,6.0,True,True,,1.304,MAT,False
SUBJ100,able-bodied,100,31.0,F,1675.0,880.0,57.5,,,,,,,,,,,,1.3244,5.0,False,True,6.0,True,True,,1.3245,MAT,False
SUBJ101,able-bodied,101,30.0,F,1670.0,870.0,65.4,,,,,,,,,,,,1.2875,6.0,False,True,5.0,True,True,,1.2985,MAT,False
SUBJ102,able-bodied,102,29.0,M,1730.0,940.0,114.5,,,,,,,,,,,,1.0595,5.0,True,True,4.0,True,True,,1.0516,MAT,False
SUBJ103,able-bodied,103,28.0,F,1690.0,940.0,71.4,,,,,,,,,,,,1.0058,6.0,True,True,6.0,True,True,,1.0032,MAT,False
SUBJ104,able-bodied,104,27.0,M,1770.0,930.0,84.6,,,,,,,,,,,,1.4765,3.0,False,True,5.0,True,True,,1.4823,MAT,False
SUBJ105,able-bodied,105,27.0,M,1705.0,900.0,75.5,,,,,,,,,,,,0.9742,9.0,True,True,9.0,False,True,,0.978,MAT,False
SUBJ106,able-bodied,106,27.0,M,1805.0,960.0,87.1,,,,,,,,,,,,1.237,6.0,True,True,6.0,True,True,,1.2384,MAT,False
SUBJ107,able-bodied,107,26.0,F,1780.0,920.0,68.2,,,,,,,,,,,,1.2301,8.0,False,True,6.0,True,True,,1.2336,MAT,False
SUBJ108,able-bodied,108,25.0,F,1710.0,890.0,57.9,,,,,,,,,,,,1.3495,4.0,False,True,5.0,True,True,,1.3408,MAT,False
SUBJ109,able-bodied,109,25.0,F,1705.0,900.0,64.9,,,,,,,,,,,,1.2138,6.0,True,True,6.0,False,True,,1.218,MAT,False
SUBJ110,able-bodied,110,25.0,F,1645.0,880.0,66.7,,,,,,,,,,,,1.178,5.0,True,True,6.0,False,True,,1.19,MAT,False
SUBJ111,able-bodied,111,24.0,F,1735.0,930.0,63.2,,,,,,,,,,,,1.3292,5.0,False,True,4.0,True,True,,1.3322,MAT,False
SUBJ112,able-bodied,112,24.0,M,1765.0,910.0,75.5,,,,,,,,,,,,1.1722,4.0,True,True,6.0,True,True,,1.18,MAT,False
SUBJ113,able-bodied,113,24.0,M,1850.0,1030.0,81.6,,,,,,,,,,,,1.182,4.0,False,True,4.0,True,True,,1.1899,MAT,False
SUBJ114,able-bodied,114,24.0,M,1840.0,1020.0,83.8,,,,,,,,,,,,1.1165,3.0,False,True,6.0,True,True,,1.1276,MAT,False
SUBJ115,able-bodied,115,24.0,F,1580.0,850.0,56.2,,,,,,,,,,,,1.0231,6.0,False,True,6.0,True,True,,1.0163,MAT,False
SUBJ116,able-bodied,116,21.0,F,1590.0,820.0,64.6,,,,,,,,,,,,1.0568,8.0,True,True,8.0,False,True,,1.0568,Table 5,False
SUBJ117,able-bodied,117,21.0,F,1670.0,880.0,66.1,,,,,,,,,,,,1.2257,5.0,True,True,6.0,False,True,,1.2344,MAT,False
SUBJ118,able-bodied,118,83.0,F,1530.0,820.0,74.1,,,,,,,,,,,,1.0278,5.0,False,False,6.0,False,False,,1.028,MAT,False
SUBJ119,able-bodied,119,79.0,M,1645.0,898.0,83.3,,,,,,,,,,,,1.188,3.0,False,False,3.0,False,False,,1.185,MAT,False
SUBJ120,able-bodied,120,55.0,M,1755.0,910.0,85.9,,,,,,,,,,,,1.2677,3.0,False,False,3.0,False,False,,1.2798,MAT,False
SUBJ121,able-bodied,121,55.0,F,1565.0,831.0,48.0,,,,,,,,,,,,1.2325,7.0,False,False,8.0,False,False,,1.224,MAT,False
SUBJ122,able-bodied,122,54.0,F,1660.0,890.0,66.9,,,,,,,,,,,,1.1534,2.0,False,False,3.0,False,False,,1.1692,MAT,False
SUBJ123,able-bodied,123,51.0,F,1605.0,870.0,63.8,,,,,,,,,,,,1.0488,4.0,False,False,5.0,False,False,,1.0428,MAT,False
SUBJ124,able-bodied,124,50.0,M,1730.0,875.0,72.0,,,,,,,,,,,,1.1084,4.0,False,False,6.0,False,False,,1.1003,MAT,False
SUBJ125,able-bodied,125,42.0,M,1725.0,935.0,79.0,,,,,,,,,,,,1.3635,5.0,False,False,6.0,False,False,,1.3626,MAT,False
SUBJ126,able-bodied,126,36.0,F,1645.0,890.0,70.9,,,,,,,,,,,,1.4064,7.0,False,False,6.0,False,False,,1.4049,MAT,False
SUBJ127,able-bodied,127,30.0,M,1770.0,955.0,88.9,,,,,,,,,,,,1.2668,3.0,False,False,4.0,False,False,,1.2652,MAT,False
SUBJ128,able-bodied,128,30.0,M,1830.0,975.0,64.7,,,,,,,,,,,,1.7448,3.0,False,False,3.0,False,False,,1.7446,MAT,False
SUBJ129,able-bodied,129,30.0,M,1850.0,1005.0,76.2,,,,,,,,,,,,1.033,4.0,False,False,5.0,False,False,,1.0348,MAT,False
SUBJ130,able-bodied,130,28.0,M,1710.0,900.0,102.4,,,,,,,,,,,,1.2617,11.0,False,False,9.0,False,False,,1.2754,MAT,False
SUBJ131,able-bodied,131,25.0,F,1640.0,885.0,66.5,,,,,,,,,,,,1.1904,4.0,False,False,3.0,False,False,,1.2014,MAT,False
SUBJ132,able-bodied,132,24.0,F,1630.0,850.0,64.6,,,,,,,,,,,,1.7466,4.0,False,False,4.0,False,False,,1.793,MAT,False
SUBJ133,able-bodied,133,23.0,M,1730.0,910.0,63.7,,,,,,,,,,,,1.1956,5.0,False,False,7.0,False,False,,1.1882,MAT,False
SUBJ134,able-bodied,134,23.0,F,1625.0,915.0,64.8,,,,,,,,,,,,1.3943,4.0,False,False,6.0,False,False,,1.398,MAT,False
SUBJ135,able-bodied,135,22.0,M,1810.0,970.0,104.0,,,,,,,,,,,,1.1648,7.0,False,False,7.0,False,False,,1.183,MAT,False
SUBJ136,able-bodied,136,22.0,F,1625.0,830.0,61.1,,,,,,,,,,,,1.3512,4.0,False,False,3.0,False,False,,1.334,MAT,False
SUBJ137,able-bodied,137,22.0,F,1700.0,880.0,77.5,,,,,,,,,,,,1.3671,4.0,False,False,5.0,False,False,,1.3533,MAT,False
SUBJ138,able-bodied,138,21.0,M,1675.0,880.0,68.4,,,,,,,,,,,,1.1326,5.0,False,False,5.0,False,False,,1.1349,MAT,False
